SET NAMES UTF8;
DROP DATABASE IF EXISTS teacher_liu;

-- 创建teacher_liu的数据库，编码方式为UTF8

CREATE DATABASE IF NOT EXISTS  teacher_liu DEFAULT CHARACTER SET 'UTF8';

-- 打开数据库teacher_liu

USE teacher_liu;


CREATE TABLE `teacher_kind` (
  `id` smallint(5) unsigned NOT NULL AUTO_INCREMENT,
  `kind_name` varchar(45) NOT NULL,
  `kind_info` varchar(45) NOT NULL,
  PRIMARY KEY (`id`)
) ENGINE=InnoDB;


-- 插入多行记录

INSERT INTO `teacher_kind` VALUES (1,'推荐','recommend'),(2,'新型冠状病毒','novelCoronavirus'),(3,'环创区角','environmentCreate'),(4,'体育游戏','sportsGames'),(5,'绘画手工','art');


CREATE TABLE `teacher_articles` (
  `id` int(10) unsigned NOT NULL AUTO_INCREMENT,
  `subject` varchar(50) NOT NULL,
  `description` mediumtext NOT NULL,
  `tag` mediumtext NOT NULL,
  `image` varchar(1020) DEFAULT NULL,
  `kind_id` smallint(5) unsigned NOT NULL,
  PRIMARY KEY (`id`)
) ENGINE=InnoDB;

-- 推荐
INSERT INTO `teacher_articles` VALUES (1,'疫情结束，准备开学线上家长会稿(写的很详细,建议收藏)','<div class="dec"><p class="dec_text">春风拂面，曙光在即，静待花开。</p><p class="dec_text">转眼间已经快5月份了，一场猝不及防的病毒🦠疫情扰乱了人们正常的生活节奏，目前，疫情逐渐趋于稳定的情况下，各行各业都在复工，只有幼教行业还没有开学。家长着急，幼儿园老师也很焦急，都希望能够快点开学。</p><p class="dec_text">在这非常时期，基于幼儿安全，疫情过后针对幼儿入园，幼儿园、教师、家长该怎么做❓</p><p class="dec_text">2020年4月20日晚上八点，幼儿园利用线上召开了一场别开生面的家长会。会上园长就开园前幼儿园面对疫情做了哪些准备❓家长应提前做哪些准备❓开园后又该如何做❓进行一一讲解。️</p><p>一、入园前，做了哪些准备工作？<br>（一）幼儿园<br>1.防疫物资的储备<br></p><p class="dec_text">在复工前，按上级要求，备足备齐各类防疫物资。同时，幼儿园为了科学、规范、有序的开展新型冠状肺炎疫情防控工作和防控应急演练，通过应急演练，从入园保健医生测量体温、洗手、消毒、迎接幼儿、晨检、晨间活动、吃饭、教学活动、户外活动、睡房消毒、离园活动以及孩子在幼儿园发生异常的应急应变等等，让教职工对幼儿园的防疫突发应急方案有了更加具体的认识，为开学后的防疫工作打下了坚定的基础。</p><p>2.环境的创设<span class="dec_text">从班级的主题墙到幼儿园的户外环境创设，紧紧围绕防疫知识宣传。<br>🍒班级主题墙<br>🍒户外环境创设<br>3.全园无死角消毒。</p><p>（二）教师做了哪些准备❓<br>🍒1.利用疫情期间，坚持线上学习，提升自身专业素养。<br>🍒2.开园前，进行防疫知识培训。</p><p>（三）家长需要做些什么？<br>1.提前帮助幼儿适应幼儿园的生活。️<br>四要三不要原则️<br>四要️<br>①作息时间要有规律。<br><span class="dec_text">按时入睡（睡眠环境、睡前准备、不让幼儿过度兴奋）️</span><br>②自理能力要抓牢。<br><span class="dec_text">让孩子自己吃饭、穿脱衣服，养成饭前便后洗手及带口罩的习惯。️<span><br>③心理准备要做好。<br><span class="dec_text">多和孩子聊聊幼儿园里开心的事，引导幼儿期待开学、渴望与老师小朋友见面。️</span><br>④物资准备要充分。<br><span class="dec_text">给孩子适当准备点口罩、消毒湿巾等物品。️</span><br>三不要️<br>①饮食规律不要乱。️<br>②吓唬孩子不能做。<br>③心里妥协不能有。</p><p>二、开园后<br>（一）幼儿园<br>1.错峰入园、离园。<br>2.错峰进行户外活动。<br><span class="dec_text">家长会接近尾声，园长语重心长地叮嘱家长：一切以孩子安全为重心，面对疫情，孩子暂时无法入园，要有耐心，一切听从政府安排。</span></p><img style="width:100%" src="http://127.0.0.1:4000/images/recommend/1587693261894.jpg" class="dec_img"/><img style="width:100%" src="http://127.0.0.1:4000/images/recommend/1587693263391.jpg" class="dec_img"/><img style="width:100%" src="http://127.0.0.1:4000/images/recommend/1587693274985.jpg" class="dec_img"/></div><br>','疫情开学准备','http://127.0.0.1:4000/images/recommend/1587693261894.jpg',1);
INSERT INTO `teacher_articles` VALUES (2,'《3-6岁儿童学习与发展指南》漫画版(健康领域篇1)','<div class="dec"><p>教育部制定的《3-6岁儿童学习与发展指南》是所有幼儿园老师必读的书籍，需要烂熟于心。对于新手幼师来说，长篇大段的文字可能难以记忆，1b+老师就把指南中的健康、语言、社会、科学、艺术五个领域拆分成小篇漫画文章，每周一期推送，希望可以对新手幼师有所帮助，也祝你们在未来的工作中顺顺利利~</p><img style="width:100%" src="http://127.0.0.1:4000/images/recommend/1587962992378.jpg" class="dec_img"/><img style="width:100%" src="http://127.0.0.1:4000/images/recommend/1587962994672.jpg" class="dec_img"/><img style="width:100%" src="http://127.0.0.1:4000/images/recommend/1587962996849.jpg" class="dec_img"/><img style="width:100%" src="http://127.0.0.1:4000/images/recommend/1587962998540.jpg" class="dec_img"/><img style="width:100%" src="http://127.0.0.1:4000/images/recommend/1587962999783.jpg" class="dec_img"/><img style="width:100%" src="http://127.0.0.1:4000/images/recommend/1587963001431.jpg" class="dec_img"/><img style="width:100%" src="http://127.0.0.1:4000/images/recommend/1587963003130.jpg" class="dec_img"/><img style="width:100%" src="http://127.0.0.1:4000/images/recommend/1587963004320.jpg" class="dec_img"/><img style="width:100%" src="http://127.0.0.1:4000/images/recommend/1587963005694.jpg" class="dec_img"/></div><br>','生命成长','http://127.0.0.1:4000/images/recommend/1587962992378.jpg',1);
INSERT INTO `teacher_articles` VALUES (3,'一日常规的培养','<div class="dec"><p>一日常规培养</p><img style="width:100%" src="http://127.0.0.1:4000/images/recommend/1587963361450.jpg" class="dec_img"/><img style="width:100%" src="http://127.0.0.1:4000/images/recommend/1587963362912.jpg" class="dec_img"/><img style="width:100%" src="http://127.0.0.1:4000/images/recommend/1587963364851.jpg" class="dec_img"/><img style="width:100%" src="http://127.0.0.1:4000/images/recommend/1587963366876.jpg" class="dec_img"/><img style="width:100%" src="http://127.0.0.1:4000/images/recommend/1587963368710.jpg" class="dec_img"/><img style="width:100%" src="http://127.0.0.1:4000/images/recommend/1587963370266.jpg" class="dec_img"/><img style="width:100%" src="http://127.0.0.1:4000/images/recommend/1587963371572.jpg" class="dec_img"/><img style="width:100%" src="http://127.0.0.1:4000/images/recommend/1587963372841.jpg" class="dec_img"/><img style="width:100%" src="http://127.0.0.1:4000/images/recommend/1587963374099.jpg" class="dec_img"/><img style="width:100%" src="http://127.0.0.1:4000/images/recommend/1587963375512.jpg" class="dec_img"/><img style="width:100%" src="http://127.0.0.1:4000/images/recommend/1587963376796.jpg" class="dec_img"/><img style="width:100%" src="http://127.0.0.1:4000/images/recommend/1587963379513.jpg" class="dec_img"/><img style="width:100%" src="http://127.0.0.1:4000/images/recommend/1587963382049.jpg" class="dec_img"/><img style="width:100%" src="http://127.0.0.1:4000/images/recommend/1587963383575.jpg" class="dec_img"/><img style="width:100%" src="http://127.0.0.1:4000/images/recommend/1587963385609.jpg" class="dec_img"/></div>','常规培养','http://127.0.0.1:4000/images/recommend/1587963361450.jpg',1);
INSERT INTO `teacher_articles` VALUES (4,'常规培养(三)','<div class="dec"><p>常规培养(三)</p><img style="width:100%" src="http://127.0.0.1:4000/images/recommend/1587963681087.jpg" class="dec_img"/><img style="width:100%" src="http://127.0.0.1:4000/images/recommend/1587963682364.jpg" class="dec_img"/><img style="width:100%" src="http://127.0.0.1:4000/images/recommend/1587963683946.jpg" class="dec_img"/><img style="width:100%" src="http://127.0.0.1:4000/images/recommend/1587963685444.jpg" class="dec_img"/><img style="width:100%" src="http://127.0.0.1:4000/images/recommend/1587963734186.jpg" class="dec_img"/><img style="width:100%" src="http://127.0.0.1:4000/images/recommend/1587963688066.jpg" class="dec_img"/><img style="width:100%" src="http://127.0.0.1:4000/images/recommend/1587963689485.jpg" class="dec_img"/><img style="width:100%" src="http://127.0.0.1:4000/images/recommend/1587963690735.jpg" class="dec_img"/><img style="width:100%" src="http://127.0.0.1:4000/images/recommend/1587963692070.jpg" class="dec_img"/></div>','常规培养','http://127.0.0.1:4000/images/recommend/1587963681087.jpg',1);
INSERT INTO `teacher_articles` VALUES (5,'奇妙的滚动','<div class="dec"><p>奇妙的滚动</p><img style="width:100%" src="http://127.0.0.1:4000/images/recommend/1587973913011.jpg" class="dec_img"/><img style="width:100%" src="http://127.0.0.1:4000/images/recommend/1587973915155.jpg" class="dec_img"/><img style="width:100%" src="http://127.0.0.1:4000/images/recommend/1587973916334.jpg" class="dec_img"/><img style="width:100%" src="http://127.0.0.1:4000/images/recommend/1587973917634.jpg" class="dec_img"/><img style="width:100%" src="http://127.0.0.1:4000/images/recommend/1587973918897.jpg" class="dec_img"/></div>','教育教学','http://127.0.0.1:4000/images/recommend/1587973913011.jpg',1);
INSERT INTO `teacher_articles` VALUES (6,'玩教具','<div class="dec"><p>玩教具</p><img style="width:100%" src="http://127.0.0.1:4000/images/recommend/1587977863594.jpg" class="dec_img"/><p>电视机</p><img style="width:100%" src="http://127.0.0.1:4000/images/recommend/1587977864975.jpg" class="dec_img"/><p>邮递员</p><img style="width:100%" src="http://127.0.0.1:4000/images/recommend/1587977866492.jpg" class="dec_img"/><p>滤水器</p><img style="width:100%" src="http://127.0.0.1:4000/images/recommend/1587977867534.jpg" class="dec_img"/><p>牛顿摆</p><img style="width:100%" src="http://127.0.0.1:4000/images/recommend/1587977868689.jpg" class="dec_img"/><p>森林之家</p><img style="width:100%" src="http://127.0.0.1:4000/images/recommend/1587977869750.jpg" class="dec_img"/><p>二十四节气</p><img style="width:100%" src="http://127.0.0.1:4000/images/recommend/1587977870846.jpg" class="dec_img"/><p>爆炸盒子</p><img style="width:100%" src="http://127.0.0.1:4000/images/recommend/1587977871891.jpg" class="dec_img"/><p>立体迷宫</p><img style="width:100%" src="http://127.0.0.1:4000/images/recommend/1587977872953.jpg" class="dec_img"/><p>投篮高手</p><img style="width:100%" src="http://127.0.0.1:4000/images/recommend/1587977873985.jpg" class="dec_img"/><p>小小邮递员</p><img style="width:100%" src="http://127.0.0.1:4000/images/recommend/1587977875121.jpg" class="dec_img"/><p>感统训练</p><img style="width:100%" src="http://127.0.0.1:4000/images/recommend/1587977876145.jpg" class="dec_img"/><p>球球大作战</p><img style="width:100%" src="http://127.0.0.1:4000/images/recommend/1587977877215.jpg" class="dec_img"/><p>共进号</p><img style="width:100%" src="http://127.0.0.1:4000/images/recommend/1587977878352.jpg" class="dec_img"/><p>音乐之梯</p><img style="width:100%" src="http://127.0.0.1:4000/images/recommend/1587977879488.jpg" class="dec_img"/><p>时光机</p></div>','自制教玩具','http://127.0.0.1:4000/images/recommend/1587977863594.jpg',1);
INSERT INTO `teacher_articles` VALUES (7,'路与桥','<div class="dec"><p>孩子们的经验，穿越，架空技能发展</p><img style="width:100%" src="http://127.0.0.1:4000/images/recommend/1587986705647.jpg" class="dec_img"/><p>第一次尝试</p><img style="width:100%" src="http://127.0.0.1:4000/images/recommend/1587986704308.jpg" class="dec_img"/><img style="width:100%" src="http://127.0.0.1:4000/images/recommend/1587986702859.jpg" class="dec_img"/><img style="width:100%" src="http://127.0.0.1:4000/images/recommend/1587986697986.jpg" class="dec_img"/><p>得有个停车场</p><img style="width:100%" src="http://127.0.0.1:4000/images/recommend/1587986695622.jpg" class="dec_img"/><p>小汽车嘟嘟嘟</p><img style="width:100%" src="http://127.0.0.1:4000/images/recommend/1587986693265.jpg" class="dec_img"/><p>十字路口</p><img style="width:100%" src="http://127.0.0.1:4000/images/recommend/1587986691492.jpg" class="dec_img"/><p>最难的设计，坡度</p></div>','建构区','http://127.0.0.1:4000/images/recommend/1587986691492.jpg',1);
INSERT INTO `teacher_articles` VALUES (8,'数学玩教具~玩转魔方','<div class="dec"><p>可做区角隔断，可围合游戏，亦可单独玩，共八个版面...<br>以数学、科学、益智、动手操作为主。<br>详细介绍图片之前发布过...</p><img style="width:100%" src="http://127.0.0.1:4000/images/recommend/1587986984981.jpg" class="dec_img"/><img style="width:100%" src="http://127.0.0.1:4000/images/recommend/1587986986440.jpg" class="dec_img"/><img style="width:100%" src="http://127.0.0.1:4000/images/recommend/1587986987922.jpg" class="dec_img"/></div>','区角活动','http://127.0.0.1:4000/images/recommend/1587986987922.jpg',1);
INSERT INTO `teacher_articles` VALUES (9,'大班角色游戏观察记录：小医院','<div class="dec"><p>“小医院”里有个“手术室”，今天的主刀手是王XX，小宝每天笑咪咪地，人缘特别好，今天到手术室排队的人也特别多。<br>范XXX排在第一个，手里拿着一张挂号单，递给了王XX，小宝看也没看，往篓子里一放，说：“上来。”范XX就一下子爬上了手术台（手术台是班上的课桌）。小宝医生三下五除二就给范冲冲做完了手术：“好了”。一听这话，范XX跳下了手术台，蹦蹦跳跳地去玩别的游戏了。<br>后面的幼儿也大都拿着挂号就做了手术，表情没有一个痛苦的，大家都兴高采烈地排着长长的队伍等着做手术……<br></p><img style="width:100%" src="http://127.0.0.1:4000/images/recommend/1588060973581.jpg" class="dec_img"/><p>游戏分析：<br>游戏规则中规定幼儿要到“医生”那儿看过病，拿到手术卡才到手术室去，而大都数幼儿没有遵守游戏规则。因为生活中，幼儿看病时大都数是吃药、打针、打点滴，很少手术，所以对手术室非常感兴趣，一个个都往那儿跑，加上此游戏是刚刚玩，幼儿对自己的角色把握得不是很好。<br><br>游戏反思：<br>在组织幼儿游戏时，我们教师往往急于求成，摆出游戏的道具，讲解了游戏的规则，就让幼儿自由地参加游戏活动了，在游戏活动中产生了很大的隐患：幼儿玩游戏没有深度，时游戏不理解，把道具当作玩具玩等等。这需要我们把每一步工作做细、做到位，从幼儿时角色的理解模仿，到道具的使用及参与过程中的引导都要十分重视。<br>这次活动后，我细细地讲解了游戏规则，让幼儿仔细体会了病人与医生的表情、动作等，在第二次活动中，情况有了很大的好转。</p></div>','观察记录','http://127.0.0.1:4000/images/recommend/1588060973581.jpg',1);
INSERT INTO `teacher_articles` VALUES (10,'户外环境','<div class="dec"><p>奥林幼儿园小班部户外环境，融入了礼貌教育，卡通形象非常适合小年龄的孩子，迷宫小，树林的高度修剪得刚刚好，小班孩子自己走也ok。</p><img style="width:100%" src="http://127.0.0.1:4000/images/recommend/1588061066853.jpg" class="dec_img"/><img style="width:100%" src="http://127.0.0.1:4000/images/recommend/1588061066853.jpg" class="dec_img"/><img style="width:100%" src="http://127.0.0.1:4000/images/recommend/1588061069224.jpg" class="dec_img"/><img style="width:100%" src="http://127.0.0.1:4000/images/recommend/1588061070403.jpg" class="dec_img"/><img style="width:100%" src="http://127.0.0.1:4000/images/recommend/1588061071464.jpg" class="dec_img"/><img style="width:100%" src="http://127.0.0.1:4000/images/recommend/1588061072636.jpg" class="dec_img"/></div>','环境布置','http://127.0.0.1:4000/images/recommend/1588061072636.jpg',1);
INSERT INTO `teacher_articles` VALUES (11,'火烈鸟乐园','<div class="dec"><p>ins风火烈乌乐园，远远看过去绿意盎然，近处瞧瞧满满的都是小细节。孩子们都争着要和好朋友一起合照呢</p><img style="width:100%" src="http://127.0.0.1:4000/images/recommend/1588068756976.jpg" class="dec_img"/><img style="width:100%" src="http://127.0.0.1:4000/images/recommend/1588068758501.jpg" class="dec_img"/><img style="width:100%" src="http://127.0.0.1:4000/images/recommend/1588068759710.jpg" class="dec_img"/><img style="width:100%" src="http://127.0.0.1:4000/images/recommend/1588068760882.jpg" class="dec_img"/><img style="width:100%" src="http://127.0.0.1:4000/images/recommend/1588068763499.jpg" class="dec_img"/><img style="width:100%" src="http://127.0.0.1:4000/images/recommend/1588068764789.jpg" class="dec_img"/><img style="width:100%" src="http://127.0.0.1:4000/images/recommend/1588068765740.jpg" class="dec_img"/><img style="width:100%" src="http://127.0.0.1:4000/images/recommend/1588068767079.jpg" class="dec_img"/><img style="width:100%" src="http://127.0.0.1:4000/images/recommend/1588068768125.jpg" class="dec_img"/><img style="width:100%" src="http://127.0.0.1:4000/images/recommend/1588068769210.jpg" class="dec_img"/></div>','植物角','http://127.0.0.1:4000/images/recommend/1588068756976.jpg',1);
INSERT INTO `teacher_articles` VALUES (12,'中班健康活动《保护牙宝宝》','<div class="dec"><p>活动目标：<br>1、引导幼儿观察比较浸了醋和没有浸醋的蛋壳，了解酸会腐蚀牙齿。<br>2、使幼儿懂得饭后漱口，早晚刷牙能保护牙齿，初步掌握正确的刷牙方法。<br>3、通过活动，使幼儿养成良好的卫生习惯。<br></p><img style="width:100%" src="http://127.0.0.1:4000/images/recommend/1588068921722.jpg" class="dec_img"/><p>1、活动准备：<br>1、被醋溃着的蛋壳和没有被醋溃过的蛋壳各一个。<br>2.VCD动画片《蛙牙大王》，护牙图片若干。<br>3、牙模型、牙刷一把，幼儿饼干，小镜子，纸杯，清水若干。<br>2、请专业牙科医生到活动现场<br>活动过程：<br>一、引出课题，激发幼儿兴趣。<br>1、放碟片《蛙牙大王》，幼儿观看。<br>2、提问：动画片里的蛙牙大王为什么会有蛙牙？<br>二、幼儿观察讨论怎么会有蛙牙的？<br>1、请幼儿照镜子，看看自己的牙齿怎么样？<br>2、请幼儿互相观察同伴的牙齿，看看牙宝宝上有没有洞洞。<br>3、讨论：怎么会有洞洞的?<br>三、通过观察，了解酸会腐蚀牙齿。<br>1、请幼儿观察浸泡在醋里的蛋壳和没渍泡在醋里的蛋壳。<br>2、说一说它们有什么不同？<br>3、讨论：为什么浸泡在醋里的蛋壳会变黑、变软呢？ (提醒幼儿闻一闻醋的味道）教师小结：酸能腐蚀蛋壳中的钙，所以蛋壳放在醋里会变黑变软。<br>4、请幼儿品尝桌上的饼干，吃完后照照镜子，观察牙齿上有些什么？<br>5、请出专业牙科医生讲解，进行小结：们吃过东西后，嘴巴里会有很多小的食物留下来，不马上漱口的话，时间长了，这些食物就会变的和醋一样很酸，牙齿就象刚才的蛋壳一样，会变的又黑又狄，时间一长，还会出现洞洞。<br>四、请小朋友谈谈有蛙牙的感受：有了蛙牙会怎么样呢？<br>五、讨论：怎样保护自己的牙宝宝？ (幼儿自由想办法，边说边出示图片）<br>1、早晚刷牙，进食后漱口。<br>2、健康饮食，不食过硬、过冷、过热的食物。睡前不吃零食，少吃糖。<br>3、定期检查牙齿。<br>六、学习正确的刷牙方法。<br>1、请小朋友说说做做。<br>2、教师边念儿歌边出示牙模型和牙刷示范正确的刷牙方法。<br>3.幼儿跟教师一起做。<br>七、带领幼儿到盟洗室，幼儿用纸杯接水漱口。</p></div>','集体活动','http://127.0.0.1:4000/images/recommend/1588068921722.jpg',1);
INSERT INTO `teacher_articles` VALUES (13,'奇妙的相反国','<div class="dec"><p class="dec_text">大千世界中，各种各样的事物之间存在着差异。<br>通过比较我们可以发现不同事物<br>有大和小、长和短、高和矮、冷和热、快与慢等<br>我们在观察这些差别时获得了相反的概念。<br>看事物的角度不一样，<br>世界就生出了许多可能和变化。</p><img style="width:100%" src="http://127.0.0.1:4000/images/recommend/1588081708897.jpg" class="dec_img"/><p>奇妙的相反国大主题墙</p><img style="width:100%" src="http://127.0.0.1:4000/images/recommend/1588081764326.jpg" class="dec_img"/><p>黑与白相反</p><img style="width:100%" src="http://127.0.0.1:4000/images/recommend/1588081766439.jpg" class="dec_img"/><p>相反调查表</p><img style="width:100%" src="http://127.0.0.1:4000/images/recommend/1588081719392.jpg" class="dec_img"/><p>主题字</p><img style="width:100%" src="http://127.0.0.1:4000/images/recommend/1588081720815.jpg" class="dec_img"/><p>什么是相反</p><img style="width:100%" src="http://127.0.0.1:4000/images/recommend/1588081722027.jpg" class="dec_img"/><p>对称画</p><img style="width:100%" src="http://127.0.0.1:4000/images/recommend/1588081723774.jpg" class="dec_img"/><p>黑白线条画</p><img style="width:100%" src="http://127.0.0.1:4000/images/recommend/1588081725129.jpg" class="dec_img"/><p>生活中相反</p><img style="width:100%" src="http://127.0.0.1:4000/images/recommend/1588081727284.jpg" class="dec_img"/><p>笑脸和哭脸</p></div>','主题墙','http://127.0.0.1:4000/images/recommend/1588081708897.jpg',1);
INSERT INTO `teacher_articles` VALUES (14,'老师给小朋友们的小叮嘱，记得收藏呀！','<div class="dec"><img style="width:100%" src="http://127.0.0.1:4000/images/recommend/1588082285789.jpg" class="dec_img"/><img style="width:100%" src="http://127.0.0.1:4000/images/recommend/1588082291484.jpg" class="dec_img"/><img style="width:100%" src="http://127.0.0.1:4000/images/recommend/1588082294622.jpg" class="dec_img"/><img style="width:100%" src="http://127.0.0.1:4000/images/recommend/1588082307354.jpg" class="dec_img"/><img style="width:100%" src="http://127.0.0.1:4000/images/recommend/1588082314340.jpg" class="dec_img"/><img style="width:100%" src="http://127.0.0.1:4000/images/recommend/1588082319670.jpg" class="dec_img"/><img style="width:100%" src="http://127.0.0.1:4000/images/recommend/1588082326389.jpg" class="dec_img"/><img style="width:100%" src="http://127.0.0.1:4000/images/recommend/1588082333152.jpg" class="dec_img"/><img style="width:100%" src="http://127.0.0.1:4000/images/recommend/1588082340756.jpg" class="dec_img"/><img style="width:100%" src="http://127.0.0.1:4000/images/recommend/1588082340756.jpg" class="dec_img"/></div>','家长工作','http://127.0.0.1:4000/images/recommend/1588082340756.jpg',1);
INSERT INTO `teacher_articles` VALUES (15,'中班健康活动说课稿：小青蛙跳跳跳','<div class="dec"><img style="width:100%" src="http://127.0.0.1:4000/images/recommend/1588082501724.jpg" class="dec_img"/><img style="width:100%" src="http://127.0.0.1:4000/images/recommend/1588082496459.jpg" class="dec_img"/><img style="width:100%" src="http://127.0.0.1:4000/images/recommend/1588082491347.jpg" class="dec_img"/><img style="width:100%" src="http://127.0.0.1:4000/images/recommend/1588082485688.jpg" class="dec_img"/><img style="width:100%" src="http://127.0.0.1:4000/images/recommend/1588082479473.jpg" class="dec_img"/><img style="width:100%" src="http://127.0.0.1:4000/images/recommend/1588082474210.jpg" class="dec_img"/><img style="width:100%" src="http://127.0.0.1:4000/images/recommend/1588082467804.jpg" class="dec_img"/></div>','说课稿','http://127.0.0.1:4000/images/recommend/1588082501724.jpg',1);
INSERT INTO `teacher_articles` VALUES (16,'漂亮的石头画2','<div class="dec"><p>五彩缤纷，创意无限！</p><img style="width:100%" src="http://127.0.0.1:4000/images/recommend/1588082680294.jpg" class="dec_img"/><img style="width:100%" src="http://127.0.0.1:4000/images/recommend/1588082670805.jpg" class="dec_img"/><img style="width:100%" src="http://127.0.0.1:4000/images/recommend/1588082664686.jpg" class="dec_img"/><img style="width:100%" src="http://127.0.0.1:4000/images/recommend/1588082657900.jpg" class="dec_img"/><img style="width:100%" src="http://127.0.0.1:4000/images/recommend/1588082652606.jpg" class="dec_img"/><img style="width:100%" src="http://127.0.0.1:4000/images/recommend/1588082647196.jpg" class="dec_img"/><img style="width:100%" src="http://127.0.0.1:4000/images/recommend/1588082641574.jpg" class="dec_img"/><img style="width:100%" src="http://127.0.0.1:4000/images/recommend/1588082636110.jpg" class="dec_img"/><img style="width:100%" src="http://127.0.0.1:4000/images/recommend/1588082630782.jpg" class="dec_img"/></div>','自然材料','http://127.0.0.1:4000/images/recommend/1588082630782.jpg',1);
INSERT INTO `teacher_articles` VALUES (17,'有趣的科学实验→泡泡雨云','<div class="dec"><p>我们必须要让孩子知道<br>科学可以是简单的，科学也是好玩的。<br>当云朵积聚了足够的水时，就会生成雨。<br><br>或者如果小班孩子都比较小，你可以说“噢噢噢噢好可爱的云啊快看！”，倒是不见得他们能真正诠解云和雨的实际意义。<br></p><img style="width:100%" src="http://127.0.0.1:4000/images/recommend/1588083592221.jpg" class="dec_img"/><p>有趣的科学领域实验</p><img style="width:100%" src="http://127.0.0.1:4000/images/recommend/1588083598216.jpg" class="dec_img"/><p>1、一些干净的玻璃杯 or 花瓶 or 碗（变换彩状或大小是很有趣的）<br>2、食用色素<br>3、泡沫制须膏<br>4、可以装30-60克的小杯或其他容器<br>5、水<br>6、一个滴管 or 一次性注射器 or 空的眼药水瓶<br></p><img style="width:100%" src="http://127.0.0.1:4000/images/recommend/1588083604290.jpg" class="dec_img"/><p>首先将小容器注满水。用的水越少（食用色素颜色越浓），“雨”滴落下的越快。但是从另一方面来说，水用得越多，你能造出更多的雨。所以想好你打算用什么量。</p><img style="width:100%" src="http://127.0.0.1:4000/images/recommend/1588083607473.jpg" class="dec_img"/><p>每个小容器中倒入不同颜色的食用色素。图中小杯里放了约30毫升的水，配比10滴食用色素（除了紫色的放了5滴，因为颜色太深）。</p><img style="width:100%" src="http://127.0.0.1:4000/images/recommend/1588083617456.jpg" class="dec_img"/><p>将一个干净玻璃杯倒入2/3的水</p><img style="width:100%" src="http://127.0.0.1:4000/images/recommend/1588083622692.jpg" class="dec_img"/><p>上方喷上一大坨泡沫剃须膏</p><img style="width:100%" src="http://127.0.0.1:4000/images/recommend/1588083628246.jpg" class="dec_img"/><p>用滴管（或注射器）来滴不同颜色的水到我们的剃须膏泡泡云上。<br>你弄到离边缘越近的地方，从剃须膏上通过和落下的雨越快。</p><img style="width:100%" src="http://127.0.0.1:4000/images/recommend/1588083633607.jpg" class="dec_img"/><p>你可以告诉孩子们，水就像我们生活中的空气，剃须膏就像是云。<br>当云朵积聚了足够的水时，就会生成雨。</p><img style="width:100%" src="http://127.0.0.1:4000/images/recommend/1588083638792.jpg" class="dec_img"/><p>当我们玩完时，孩子们会很喜欢把所有颜色混合，然后在水池里面搅拌。<br>泡泡雨云试验对孩子们来说是一个简单易行有趣的游戏，你可以通过这个试验教他们关于天气的知识，讨论下关于云、雨以及暴风的知识。<br>如果他们并没兴趣了解这些，也可以通过这个试验来感受不同色彩和质感。总之，做起来有趣又好看！</p></div>','科学认知','http://127.0.0.1:4000/images/recommend/1588083638792.jpg',1);
INSERT INTO `teacher_articles` VALUES (18,'父亲节送给爸爸的钱包幼儿手工制作','<div class="dec"><p>适合大班幼儿制作手工钱包送给爸爸很有意义</p><img style="width:100%" src="http://127.0.0.1:4000/images/recommend/1588084333335.jpg" class="dec_img"/><p>陪伴卡，爸爸在我们心里永远都是英雄</p><img style="width:100%" src="http://127.0.0.1:4000/images/recommend/1588084394982.jpg" class="dec_img"/><p>幼儿自己动手绘画自己，以及爸爸和自己的合照</p><img style="width:100%" src="http://127.0.0.1:4000/images/recommend/1588084389145.jpg" class="dec_img"/><p>首先要用牛皮纸裁剪好一个钱包的模样</p><img style="width:100%" src="http://127.0.0.1:4000/images/recommend/1588084383888.jpg" class="dec_img"/><p>在边缘上黑色虚线的边，装上包扣</p><img style="width:100%" src="http://127.0.0.1:4000/images/recommend/1588084378224.jpg" class="dec_img"/><p>拿出事先准备好的白色小卡片，自己是男生就画男生，是女生就画女生，制作陪伴卡</p><img style="width:100%" src="http://127.0.0.1:4000/images/recommend/1588084372668.jpg" class="dec_img"/><p>贴上小口袋，把陪伴卡放里面，左边用自己喜欢的彩色笔颜色画个圈，然后用勾线笔划上虚线</p><img style="width:100%" src="http://127.0.0.1:4000/images/recommend/1588084364063.jpg" class="dec_img"/><p>然后绘画自己和爸爸，图上颜色贴上去即可一个钱包就完成了</p><img style="width:100%" src="http://127.0.0.1:4000/images/recommend/" class="dec_img"/><p>这是大班小朋友们制作的，效果不错</p><img style="width:100%" src="http://127.0.0.1:4000/images/recommend/1588084358339.jpg" class="dec_img"/><p>比想象中的好看</p><img style="width:100%" src="http://127.0.0.1:4000/images/recommend/1588084352744.jpg" class="dec_img"/><img style="width:100%" src="http://127.0.0.1:4000/images/recommend/1588084338528.jpg" class="dec_img"/></div>','科学认知','http://127.0.0.1:4000/images/recommend/1588084338528.jpg',1);
INSERT INTO `teacher_articles` VALUES (19,'我们的城市','<div class="dec"><p>大班 主题环境</p><img style="width:100%" src="http://127.0.0.1:4000/images/recommend/1588569899987.jpg" class="dec_img"/><p>手绘防疫小贴士</p><img style="width:100%" src="http://127.0.0.1:4000/images/recommend/1588569903304.jpg" class="dec_img"/><p>手绘防疫</p><img style="width:100%" src="http://127.0.0.1:4000/images/recommend/1588569905555.jpg" class="dec_img"/><p>手绘防疫小妙招</p><img style="width:100%" src="http://127.0.0.1:4000/images/recommend/1588569906740.jpg" class="dec_img"/><img style="width:100%" src="http://127.0.0.1:4000/images/recommend/1588569908666.jpg" class="dec_img"/><p>老房子新建筑</p><img style="width:100%" src="http://127.0.0.1:4000/images/recommend/1588569909877.jpg" class="dec_img"/><p>路边新事</p><img style="width:100%" src="http://127.0.0.1:4000/images/recommend/1588569911942.jpg" class="dec_img"/><p>逛街</p><img style="width:100%" src="http://127.0.0.1:4000/images/recommend/1588569913235.jpg" class="dec_img"/><p>通畅的路</p><img style="width:100%" src="http://127.0.0.1:4000/images/recommend/1588569914619.jpg" class="dec_img"/><p>新式的车</p><img style="width:100%" src="http://127.0.0.1:4000/images/recommend/1588569916737.jpg" class="dec_img"/><img style="width:100%" src="http://127.0.0.1:4000/images/recommend/1588569918901.jpg" class="dec_img"/><img style="width:100%" src="http://127.0.0.1:4000/images/recommend/1588569920195.jpg" class="dec_img"/><p>美工角</p><img style="width:100%" src="http://127.0.0.1:4000/images/recommend/1588569922126.jpg" class="dec_img"/><p>阿拉小辰光</p><img style="width:100%" src="http://127.0.0.1:4000/images/recommend/1588569924212.jpg" class="dec_img"/><p>大桥</p><img style="width:100%" src="http://127.0.0.1:4000/images/recommend/1588569926406.jpg" class="dec_img"/><p>拱桥</p><img style="width:100%" src="http://127.0.0.1:4000/images/recommend/1588569928868.jpg" class="dec_img"/><p>科学角墙面</p></div>','环境布置','http://127.0.0.1:4000/images/recommend/1588569928868.jpg',1);

-- 新冠肺炎
INSERT INTO `teacher_articles` VALUES (20,'防疫绘本《为什么不能出门？》','<div class="dec"><p class="dec_text"></p><img style="width:100%" src="http://127.0.0.1:4000/images/novelCoronavirus/1588524613061.jpg" class="dec_img"/><img style="width:100%" src="http://127.0.0.1:4000/images/novelCoronavirus/1588524613899.jpg" class="dec_img"/><img style="width:100%" src="http://127.0.0.1:4000/images/novelCoronavirus/1588524614508.jpg" class="dec_img"/><img style="width:100%" src="http://127.0.0.1:4000/images/novelCoronavirus/1588524615143.jpg" class="dec_img"/><img style="width:100%" src="http://127.0.0.1:4000/images/novelCoronavirus/1588524615710.jpg" class="dec_img"/><img style="width:100%" src="http://127.0.0.1:4000/images/novelCoronavirus/1588524617754.jpg" class="dec_img"/><img style="width:100%" src="http://127.0.0.1:4000/images/novelCoronavirus/1588524618999.jpg" class="dec_img"/><img style="width:100%" src="http://127.0.0.1:4000/images/novelCoronavirus/1588524621062.jpg" class="dec_img"/><img style="width:100%" src="http://127.0.0.1:4000/images/novelCoronavirus/1588524622443.jpg" class="dec_img"/><img style="width:100%" src="http://127.0.0.1:4000/images/novelCoronavirus/1588524625248.jpg" class="dec_img"/><img style="width:100%" src="http://127.0.0.1:4000/images/novelCoronavirus/1588524627292.jpg" class="dec_img"/></div><ul class="tag_ul">','疾病预防','http://127.0.0.1:4000/images/novelCoronavirus/1588524613061.jpg',2);
INSERT INTO `teacher_articles` VALUES (21,'新冠病毒防疫三字经顺口溜','<div class="dec"><p class="dec_text"></p><img style="width:100%" src="http://127.0.0.1:4000/images/novelCoronavirus/1588524637183.jpg" class="dec_img"/></div>','家庭战“役”，智慧“童”行','http://127.0.0.1:4000/images/novelCoronavirus/1588524637183.jpg',2);
INSERT INTO `teacher_articles` VALUES (22,'新型冠状病毒~一只蝙蝠的自述(千万不要再吃野味了！)','<div class="dec"><p class="dec_text"></p><img style="width:100%" src="http://127.0.0.1:4000/images/novelCoronavirus/1588524646834.jpg" class="dec_img"/><img style="width:100%" src="http://127.0.0.1:4000/images/novelCoronavirus/1588524647773.jpg" class="dec_img"/><img style="width:100%" src="http://127.0.0.1:4000/images/novelCoronavirus/1588524648702.jpg" class="dec_img"/><img style="width:100%" src="http://127.0.0.1:4000/images/novelCoronavirus/1588524649637.jpg" class="dec_img"/><img style="width:100%" src="http://127.0.0.1:4000/images/novelCoronavirus/1588524651519.jpg" class="dec_img"/><img style="width:100%" src="http://127.0.0.1:4000/images/novelCoronavirus/1588524652549.jpg" class="dec_img"/><img style="width:100%" src="http://127.0.0.1:4000/images/novelCoronavirus/1588524653603.jpg" class="dec_img"/><img style="width:100%" src="http://127.0.0.1:4000/images/novelCoronavirus/1588524654466.jpg" class="dec_img"/><img style="width:100%" src="http://127.0.0.1:4000/images/novelCoronavirus/1588524655379.jpg" class="dec_img"/><img style="width:100%" src="http://127.0.0.1:4000/images/novelCoronavirus/1588524656380.jpg" class="dec_img"/><img style="width:100%" src="http://127.0.0.1:4000/images/novelCoronavirus/1588524657356.jpg" class="dec_img"/></div>','科普知识','http://127.0.0.1:4000/images/novelCoronavirus/1588524654466.jpg',2);
INSERT INTO `teacher_articles` VALUES (23,'“新型冠状病毒”绘本','<div class="dec"><p class="dec_text"></p><img style="width:100%" src="http://127.0.0.1:4000/images/novelCoronavirus/1588524663189.jpg" class="dec_img"/><img style="width:100%" src="http://127.0.0.1:4000/images/novelCoronavirus/1588524664015.jpg" class="dec_img"/><img style="width:100%" src="http://127.0.0.1:4000/images/novelCoronavirus/1588524664824.jpg" class="dec_img"/><img style="width:100%" src="http://127.0.0.1:4000/images/novelCoronavirus/1588524665756.jpg" class="dec_img"/><img style="width:100%" src="http://127.0.0.1:4000/images/novelCoronavirus/1588524666724.jpg" class="dec_img"/><img style="width:100%" src="http://127.0.0.1:4000/images/novelCoronavirus/1588524667703.jpg" class="dec_img"/><img style="width:100%" src="http://127.0.0.1:4000/images/novelCoronavirus/1588524668689.jpg" class="dec_img"/><img style="width:100%" src="http://127.0.0.1:4000/images/novelCoronavirus/1588524669575.jpg" class="dec_img"/><img style="width:100%" src="http://127.0.0.1:4000/images/novelCoronavirus/1588524670642.jpg" class="dec_img"/><img style="width:100%" src="http://127.0.0.1:4000/images/novelCoronavirus/1588524671900.jpg" class="dec_img"/></div>','疾病预防','http://127.0.0.1:4000/images/novelCoronavirus/1588524671900.jpg',2);
INSERT INTO `teacher_articles` VALUES (24,'“细菌”和“病毒”的区别','<div class="dec"><p class="dec_text"></p><img style="width:100%" src="http://127.0.0.1:4000/images/novelCoronavirus/1588524678561.jpg" class="dec_img"/><img style="width:100%" src="http://127.0.0.1:4000/images/novelCoronavirus/1588524680541.jpg" class="dec_img"/><img style="width:100%" src="http://127.0.0.1:4000/images/novelCoronavirus/1588524681633.jpg" class="dec_img"/><img style="width:100%" src="http://127.0.0.1:4000/images/novelCoronavirus/1588524682613.jpg" class="dec_img"/><img style="width:100%" src="http://127.0.0.1:4000/images/novelCoronavirus/1588524684751.jpg" class="dec_img"/></div>','故事','http://127.0.0.1:4000/images/novelCoronavirus/1588524684751.jpg',2);
INSERT INTO `teacher_articles` VALUES (25,'预防冠状病毒展报','<div class="dec"><p class="dec_text"></p><img style="width:100%" src="http://127.0.0.1:4000/images/novelCoronavirus/1588524690683.jpg" class="dec_img"/><img style="width:100%" src="http://127.0.0.1:4000/images/novelCoronavirus/1588524691745.jpg" class="dec_img"/><img style="width:100%" src="http://127.0.0.1:4000/images/novelCoronavirus/1588524693750.jpg" class="dec_img"/></div>','家园共育抗疫情','http://127.0.0.1:4000/images/novelCoronavirus/1588524691745.jpg',2);
INSERT INTO `teacher_articles` VALUES (26,'预防新型冠状病毒图画板流程','<div class="dec"><p class="dec_text"></p><img style="width:100%" src="http://127.0.0.1:4000/images/novelCoronavirus/1588524700738.jpg" class="dec_img"/><img style="width:100%" src="http://127.0.0.1:4000/images/novelCoronavirus/1588524702262.jpg" class="dec_img"/><img style="width:100%" src="http://127.0.0.1:4000/images/novelCoronavirus/1588524703171.jpg" class="dec_img"/><img style="width:100%" src="http://127.0.0.1:4000/images/novelCoronavirus/1588524704189.jpg" class="dec_img"/><img style="width:100%" src="http://127.0.0.1:4000/images/novelCoronavirus/1588524705137.jpg" class="dec_img"/></div>','流程图','http://127.0.0.1:4000/images/novelCoronavirus/1588524705137.jpg',2);
INSERT INTO `teacher_articles` VALUES (27,'《病毒，我们不分享》防控新冠肺炎系列故事（五）','<div class="dec"><p class="dec_text"></p><img style="width:100%" src="http://127.0.0.1:4000/images/novelCoronavirus/1588524712197.jpg" class="dec_img"/><img style="width:100%" src="http://127.0.0.1:4000/images/novelCoronavirus/1588524713064.jpg" class="dec_img"/></div>','故事','http://127.0.0.1:4000/images/novelCoronavirus/1588524712197.jpg',2);
INSERT INTO `teacher_articles` VALUES (28,'[新型肺炎预防儿歌]','<div class="dec"><p class="dec_text"></p><img style="width:100%" src="http://127.0.0.1:4000/images/novelCoronavirus/1588524720451.jpg" class="dec_img"/><img style="width:100%" src="http://127.0.0.1:4000/images/novelCoronavirus/1588524721262.jpg" class="dec_img"/><img style="width:100%" src="http://127.0.0.1:4000/images/novelCoronavirus/1588524722073.jpg" class="dec_img"/><img style="width:100%" src="http://127.0.0.1:4000/images/novelCoronavirus/1588524722941.jpg" class="dec_img"/><img style="width:100%" src="http://127.0.0.1:4000/images/novelCoronavirus/1588524723818.jpg" class="dec_img"/><img style="width:100%" src="http://127.0.0.1:4000/images/novelCoronavirus/1588524724763.jpg" class="dec_img"/><img style="width:100%" src="http://127.0.0.1:4000/images/novelCoronavirus/1588524725610.jpg" class="dec_img"/><img style="width:100%" src="http://127.0.0.1:4000/images/novelCoronavirus/1588524726455.jpg" class="dec_img"/></div>','儿歌童谣','http://127.0.0.1:4000/images/novelCoronavirus/1588524720451.jpg',2);
INSERT INTO `teacher_articles` VALUES (29,'新型冠状病毒绘本故事','<div class="dec"><p class="dec_text"></p><img style="width:100%" src="http://127.0.0.1:4000/images/novelCoronavirus/1588524736226.jpg" class="dec_img"/><img style="width:100%" src="http://127.0.0.1:4000/images/novelCoronavirus/1588524737083.jpg" class="dec_img"/><img style="width:100%" src="http://127.0.0.1:4000/images/novelCoronavirus/1588524738049.jpg" class="dec_img"/><img style="width:100%" src="http://127.0.0.1:4000/images/novelCoronavirus/1588524738928.jpg" class="dec_img"/><img style="width:100%" src="http://127.0.0.1:4000/images/novelCoronavirus/1588524739855.jpg" class="dec_img"/><img style="width:100%" src="http://127.0.0.1:4000/images/novelCoronavirus/1588524740696.jpg" class="dec_img"/><img style="width:100%" src="http://127.0.0.1:4000/images/novelCoronavirus/1588524741538.jpg" class="dec_img"/><img style="width:100%" src="http://127.0.0.1:4000/images/novelCoronavirus/1588524742460.jpg" class="dec_img"/><img style="width:100%" src="http://127.0.0.1:4000/images/novelCoronavirus/1588524743323.jpg" class="dec_img"/><img style="width:100%" src="http://127.0.0.1:4000/images/novelCoronavirus/1588524744230.jpg" class="dec_img"/><img style="width:100%" src="http://127.0.0.1:4000/images/novelCoronavirus/1588524745155.jpg" class="dec_img"/><img style="width:100%" src="http://127.0.0.1:4000/images/novelCoronavirus/1588524746100.jpg" class="dec_img"/><img style="width:100%" src="http://127.0.0.1:4000/images/novelCoronavirus/1588524747162.jpg" class="dec_img"/><img style="width:100%" src="http://127.0.0.1:4000/images/novelCoronavirus/1588524747960.jpg" class="dec_img"/><img style="width:100%" src="http://127.0.0.1:4000/images/novelCoronavirus/1588524748950.jpg" class="dec_img"/><img style="width:100%" src="http://127.0.0.1:4000/images/novelCoronavirus/1588524749887.jpg" class="dec_img"/><img style="width:100%" src="http://127.0.0.1:4000/images/novelCoronavirus/1588524750765.jpg" class="dec_img"/><img style="width:100%" src="http://127.0.0.1:4000/images/novelCoronavirus/1588524751656.jpg" class="dec_img"/><img style="width:100%" src="http://127.0.0.1:4000/images/novelCoronavirus/1588524752520.jpg" class="dec_img"/><img style="width:100%" src="http://127.0.0.1:4000/images/novelCoronavirus/1588524754494.jpg" class="dec_img"/><img style="width:100%" src="http://127.0.0.1:4000/images/novelCoronavirus/1588524755769.jpg" class="dec_img"/><img style="width:100%" src="http://127.0.0.1:4000/images/novelCoronavirus/1588524757035.jpg" class="dec_img"/><img style="width:100%" src="http://127.0.0.1:4000/images/novelCoronavirus/1588524758402.jpg" class="dec_img"/><img style="width:100%" src="http://127.0.0.1:4000/images/novelCoronavirus/1588524761184.jpg" class="dec_img"/><img style="width:100%" src="http://127.0.0.1:4000/images/novelCoronavirus/1588524762123.jpg" class="dec_img"/><img style="width:100%" src="http://127.0.0.1:4000/images/novelCoronavirus/1588524763311.jpg" class="dec_img"/></div>','绘本故事','http://127.0.0.1:4000/images/novelCoronavirus/1588524736226.jpg',2);
INSERT INTO `teacher_articles` VALUES (30,'以艺抗疫 众志成城','<div class="dec"><p class="dec_text"></p><img style="width:100%" src="http://127.0.0.1:4000/images/novelCoronavirus/1588524769036.jpg" class="dec_img"/><img style="width:100%" src="http://127.0.0.1:4000/images/novelCoronavirus/1588524769904.jpg" class="dec_img"/><img style="width:100%" src="http://127.0.0.1:4000/images/novelCoronavirus/1588524770688.jpg" class="dec_img"/><img style="width:100%" src="http://127.0.0.1:4000/images/novelCoronavirus/1588524771462.jpg" class="dec_img"/><img style="width:100%" src="http://127.0.0.1:4000/images/novelCoronavirus/1588524772259.jpg" class="dec_img"/><img style="width:100%" src="http://127.0.0.1:4000/images/novelCoronavirus/1588524773212.jpg" class="dec_img"/><img style="width:100%" src="http://127.0.0.1:4000/images/novelCoronavirus/1588524774415.jpg" class="dec_img"/></div>','作品展示','http://127.0.0.1:4000/images/novelCoronavirus/1588524770688.jpg',2);
INSERT INTO `teacher_articles` VALUES (31,'打败新型冠状病毒~要让孩子知道的卫生好习惯','<div class="dec"><p class="dec_text"></p><img style="width:100%" src="http://127.0.0.1:4000/images/novelCoronavirus/1588524779766.jpg" class="dec_img"/><img style="width:100%" src="http://127.0.0.1:4000/images/novelCoronavirus/1588524780599.jpg" class="dec_img"/><img style="width:100%" src="http://127.0.0.1:4000/images/novelCoronavirus/1588524781451.jpg" class="dec_img"/><img style="width:100%" src="http://127.0.0.1:4000/images/novelCoronavirus/1588524782290.jpg" class="dec_img"/><img style="width:100%" src="http://127.0.0.1:4000/images/novelCoronavirus/1588524783180.jpg" class="dec_img"/><img style="width:100%" src="http://127.0.0.1:4000/images/novelCoronavirus/1588524797030.jpg" class="dec_img"/></div>','停课不停学','http://127.0.0.1:4000/images/novelCoronavirus/1588524779766.jpg',2);
INSERT INTO `teacher_articles` VALUES (32,'新型冠状病毒宣传画','<div class="dec"><p class="dec_text"></p><img style="width:100%" src="http://127.0.0.1:4000/images/novelCoronavirus/1588524815268.jpg" class="dec_img"/><img style="width:100%" src="http://127.0.0.1:4000/images/novelCoronavirus/1588524815997.jpg" class="dec_img"/><img style="width:100%" src="http://127.0.0.1:4000/images/novelCoronavirus/1588524817020.jpg" class="dec_img"/><img style="width:100%" src="http://127.0.0.1:4000/images/novelCoronavirus/1588524817928.jpg" class="dec_img"/><img style="width:100%" src="http://127.0.0.1:4000/images/novelCoronavirus/1588524818983.jpg" class="dec_img"/><img style="width:100%" src="http://127.0.0.1:4000/images/novelCoronavirus/1588524820055.jpg" class="dec_img"/><img style="width:100%" src="http://127.0.0.1:4000/images/novelCoronavirus/1588524820883.jpg" class="dec_img"/><img style="width:100%" src="http://127.0.0.1:4000/images/novelCoronavirus/1588524821865.jpg" class="dec_img"/><img style="width:100%" src="http://127.0.0.1:4000/images/novelCoronavirus/1588524823209.jpg" class="dec_img"/><img style="width:100%" src="http://127.0.0.1:4000/images/novelCoronavirus/1588524824018.jpg" class="dec_img"/></div>','科普知识','http://127.0.0.1:4000/images/novelCoronavirus/1588524815997.jpg',2);
INSERT INTO `teacher_articles` VALUES (33,'防疫情小知识','<div class="dec"><p class="dec_text"></p><img style="width:100%" src="http://127.0.0.1:4000/images/novelCoronavirus/1588524829160.jpg" class="dec_img"/><img style="width:100%" src="http://127.0.0.1:4000/images/novelCoronavirus/1588524830067.jpg" class="dec_img"/><img style="width:100%" src="http://127.0.0.1:4000/images/novelCoronavirus/1588524831010.jpg" class="dec_img"/><img style="width:100%" src="http://127.0.0.1:4000/images/novelCoronavirus/1588524831913.jpg" class="dec_img"/><img style="width:100%" src="http://127.0.0.1:4000/images/novelCoronavirus/1588524833825.jpg" class="dec_img"/></div>','新型冠状病毒','http://127.0.0.1:4000/images/novelCoronavirus/1588524829160.jpg',2);
INSERT INTO `teacher_articles` VALUES (34,'预防新型冠状病毒之防护篇','<div class="dec"><p class="dec_text"></p><img style="width:100%" src="http://127.0.0.1:4000/images/novelCoronavirus/1588524841026.jpg" class="dec_img"/><img style="width:100%" src="http://127.0.0.1:4000/images/novelCoronavirus/1588524841884.jpg" class="dec_img"/><img style="width:100%" src="http://127.0.0.1:4000/images/novelCoronavirus/1588524842767.jpg" class="dec_img"/><img style="width:100%" src="http://127.0.0.1:4000/images/novelCoronavirus/1588524843618.jpg" class="dec_img"/><img style="width:100%" src="http://127.0.0.1:4000/images/novelCoronavirus/1588524844567.jpg" class="dec_img"/><img style="width:100%" src="http://127.0.0.1:4000/images/novelCoronavirus/1588524846333.jpg" class="dec_img"/><img style="width:100%" src="http://127.0.0.1:4000/images/novelCoronavirus/1588524847382.jpg" class="dec_img"/><img style="width:100%" src="http://127.0.0.1:4000/images/novelCoronavirus/1588524849684.jpg" class="dec_img"/><img style="width:100%" src="http://127.0.0.1:4000/images/novelCoronavirus/1588524850672.jpg" class="dec_img"/><img style="width:100%" src="http://127.0.0.1:4000/images/novelCoronavirus/1588524851802.jpg" class="dec_img"/><img style="width:100%" src="http://127.0.0.1:4000/images/novelCoronavirus/1588524852696.jpg" class="dec_img"/><img style="width:100%" src="http://127.0.0.1:4000/images/novelCoronavirus/1588524854604.jpg" class="dec_img"/><img style="width:100%" src="http://127.0.0.1:4000/images/novelCoronavirus/1588524857261.jpg" class="dec_img"/></div>','新型冠状病毒','http://127.0.0.1:4000/images/novelCoronavirus/1588524841026.jpg',2);
INSERT INTO `teacher_articles` VALUES (35,'新冠肺炎PPT','<div class="dec"><p class="dec_text"></p><img style="width:100%" src="http://127.0.0.1:4000/images/novelCoronavirus/1588524863394.jpg" class="dec_img"/><img style="width:100%" src="http://127.0.0.1:4000/images/novelCoronavirus/1588524864270.jpg" class="dec_img"/><img style="width:100%" src="http://127.0.0.1:4000/images/novelCoronavirus/1588524865119.jpg" class="dec_img"/><img style="width:100%" src="http://127.0.0.1:4000/images/novelCoronavirus/1588524865988.jpg" class="dec_img"/><img style="width:100%" src="http://127.0.0.1:4000/images/novelCoronavirus/1588524866880.jpg" class="dec_img"/><img style="width:100%" src="http://127.0.0.1:4000/images/novelCoronavirus/1588524867676.jpg" class="dec_img"/><img style="width:100%" src="http://127.0.0.1:4000/images/novelCoronavirus/1588524869019.jpg" class="dec_img"/><img style="width:100%" src="http://127.0.0.1:4000/images/novelCoronavirus/1588524870081.jpg" class="dec_img"/><img style="width:100%" src="http://127.0.0.1:4000/images/novelCoronavirus/1588524871068.jpg" class="dec_img"/><img style="width:100%" src="http://127.0.0.1:4000/images/novelCoronavirus/1588524871068.jpg" class="dec_img"/><img style="width:100%" src="http://127.0.0.1:4000/images/novelCoronavirus/1588524872464.jpg" class="dec_img"/><img style="width:100%" src="http://127.0.0.1:4000/images/novelCoronavirus/1588524873654.jpg" class="dec_img"/><img style="width:100%" src="http://127.0.0.1:4000/images/novelCoronavirus/1588524874768.jpg" class="dec_img"/><img style="width:100%" src="http://127.0.0.1:4000/images/novelCoronavirus/1588524875823.jpg" class="dec_img"/><img style="width:100%" src="http://127.0.0.1:4000/images/novelCoronavirus/1588524876866.jpg" class="dec_img"/></div>','PPT','http://127.0.0.1:4000/images/novelCoronavirus/1588524863394.jpg',2);
INSERT INTO `teacher_articles` VALUES (36,'病毒“进入体内的48小时”','<div class="dec"><p class="dec_text"></p><img style="width:100%" src="http://127.0.0.1:4000/images/novelCoronavirus/1588524884328.jpg" class="dec_img"/><img style="width:100%" src="http://127.0.0.1:4000/images/novelCoronavirus/1588524885332.jpg" class="dec_img"/><img style="width:100%" src="http://127.0.0.1:4000/images/novelCoronavirus/1588524886292.jpg" class="dec_img"/><img style="width:100%" src="http://127.0.0.1:4000/images/novelCoronavirus/1588524887384.jpg" class="dec_img"/><img style="width:100%" src="http://127.0.0.1:4000/images/novelCoronavirus/1588524888178.jpg" class="dec_img"/><img style="width:100%" src="http://127.0.0.1:4000/images/novelCoronavirus/1588524889153.jpg" class="dec_img"/></div>','疾病预防','http://127.0.0.1:4000/images/novelCoronavirus/1588524884328.jpg',2);
INSERT INTO `teacher_articles` VALUES (37,'《“奇”梦之旅》防控新冠肺炎系列故事（二）','<div class="dec"><p class="dec_text"></p><img style="width:100%" src="http://127.0.0.1:4000/images/novelCoronavirus/1588524896825.jpg" class="dec_img"/><img style="width:100%" src="http://127.0.0.1:4000/images/novelCoronavirus/1588524897989.jpg" class="dec_img"/></div>','故事','http://127.0.0.1:4000/images/novelCoronavirus/1588524896825.jpg',2);
INSERT INTO `teacher_articles` VALUES (38,'《冠太郎，你怎么这么坏》教案','<div class="dec"><p class="dec_text"></p><img style="width:100%" src="http://127.0.0.1:4000/images/novelCoronavirus/1588524904852.jpg" class="dec_img"/><img style="width:100%" src="http://127.0.0.1:4000/images/novelCoronavirus/1588524905552.jpg" class="dec_img"/><img style="width:100%" src="http://127.0.0.1:4000/images/novelCoronavirus/1588524906569.jpg" class="dec_img"/><img style="width:100%" src="http://127.0.0.1:4000/images/novelCoronavirus/1588524907585.jpg" class="dec_img"/><img style="width:100%" src="http://127.0.0.1:4000/images/novelCoronavirus/1588524908345.jpg" class="dec_img"/></div>','教案','http://127.0.0.1:4000/images/novelCoronavirus/1588524904852.jpg',2);
INSERT INTO `teacher_articles` VALUES (39,'捕捉病毒','<div class="dec"><p class="dec_text"></p><img style="width:100%" src="http://127.0.0.1:4000/images/novelCoronavirus/1588524920976.jpg" class="dec_img"/><img style="width:100%" src="http://127.0.0.1:4000/images/novelCoronavirus/1588524921843.jpg" class="dec_img"/><img style="width:100%" src="http://127.0.0.1:4000/images/novelCoronavirus/1588524922606.jpg" class="dec_img"/><img style="width:100%" src="http://127.0.0.1:4000/images/novelCoronavirus/1588524923406.jpg" class="dec_img"/></div>','新型冠状病毒','http://127.0.0.1:4000/images/novelCoronavirus/1588524904852.jpg',2);
INSERT INTO `teacher_articles` VALUES (40,'新冠病毒','<div class="dec"><p class="dec_text"></p><img style="width:100%" src="http://127.0.0.1:4000/images/novelCoronavirus/1588524932180.jpg" class="dec_img"/><img style="width:100%" src="http://127.0.0.1:4000/images/novelCoronavirus/1588524933275.jpg" class="dec_img"/><img style="width:100%" src="http://127.0.0.1:4000/images/novelCoronavirus/1588524934157.jpg" class="dec_img"/><img style="width:100%" src="http://127.0.0.1:4000/images/novelCoronavirus/1588524935048.jpg" class="dec_img"/><img style="width:100%" src="http://127.0.0.1:4000/images/novelCoronavirus/1588524935891.jpg" class="dec_img"/><img style="width:100%" src="http://127.0.0.1:4000/images/novelCoronavirus/1588524937952.jpg" class="dec_img"/><img style="width:100%" src="http://127.0.0.1:4000/images/novelCoronavirus/1588524938796.jpg" class="dec_img"/></div>','疾病预防','http://127.0.0.1:4000/images/novelCoronavirus/1588524935048.jpg',2);
INSERT INTO `teacher_articles` VALUES (41,'疫情宣传大厅','<div class="dec"><p class="dec_text"></p><img style="width:100%" src="http://127.0.0.1:4000/images/novelCoronavirus/" class="dec_img"/></div>','环境布置','http://127.0.0.1:4000/images/novelCoronavirus/1588524935891.jpg',2);
INSERT INTO `teacher_articles` VALUES (42,'疫情主题开学季','<div class="dec"><p class="dec_text"></p><img style="width:100%" src="http://127.0.0.1:4000/images/novelCoronavirus/1588524932180.jpg" class="dec_img"/></div>','环境教育','http://127.0.0.1:4000/images/novelCoronavirus/1588524932180.jpg',2);
INSERT INTO `teacher_articles` VALUES (43,'新型冠状病毒知识宣传，主题墙设计，环境装饰','<div class="dec"><p class="dec_text"></p><img style="width:100%" src="http://127.0.0.1:4000/images/novelCoronavirus/1588524945264.jpg" class="dec_img"/><img style="width:100%" src="http://127.0.0.1:4000/images/novelCoronavirus/1588524946016.jpg" class="dec_img"/><img style="width:100%" src="http://127.0.0.1:4000/images/novelCoronavirus/1588524946833.jpg" class="dec_img"/><img style="width:100%" src="http://127.0.0.1:4000/images/novelCoronavirus/1588524947643.jpg" class="dec_img"/><img style="width:100%" src="http://127.0.0.1:4000/images/novelCoronavirus/1588524948501.jpg" class="dec_img"/><img style="width:100%" src="http://127.0.0.1:4000/images/novelCoronavirus/1588524949220.jpg" class="dec_img"/><img style="width:100%" src="http://127.0.0.1:4000/images/novelCoronavirus/1588524950098.jpg" class="dec_img"/></div>','科普知识','http://127.0.0.1:4000/images/novelCoronavirus/1588524945264.jpg',2);
INSERT INTO `teacher_articles` VALUES (44,'抗议主题环创','<div class="dec"><p class="dec_text"></p><img style="width:100%" src="http://127.0.0.1:4000/images/novelCoronavirus/1588524982251.jpg" class="dec_img"/><img style="width:100%" src="http://127.0.0.1:4000/images/novelCoronavirus/1588524983062.jpg" class="dec_img"/><img style="width:100%" src="http://127.0.0.1:4000/images/novelCoronavirus/1588524983834.jpg" class="dec_img"/><img style="width:100%" src="http://127.0.0.1:4000/images/novelCoronavirus/1588524985929.jpg" class="dec_img"/><img style="width:100%" src="http://127.0.0.1:4000/images/novelCoronavirus/1588524986982.jpg" class="dec_img"/><img style="width:100%" src="http://127.0.0.1:4000/images/novelCoronavirus/1588524988215.jpg" class="dec_img"/><img style="width:100%" src="http://127.0.0.1:4000/images/novelCoronavirus/1588524990922.jpg" class="dec_img"/><img style="width:100%" src="http://127.0.0.1:4000/images/novelCoronavirus/1588524992179.jpg" class="dec_img"/></div>','疫情主题环创','http://127.0.0.1:4000/images/novelCoronavirus/1588524982251.jpg',2);

-- 环创
INSERT INTO `teacher_articles` VALUES (45,'大班级主题墙','<div class="dec"><p class="dec_text">大班级《相反国》主题墙布置</p><img style="width:100%" src="http://127.0.0.1:4000/images/environmentCreate/1588523608591.jpg" class="dec_img"/><img style="width:100%" src="http://127.0.0.1:4000/images/environmentCreate/1588523610253.jpg" class="dec_img"/><img style="width:100%" src="http://127.0.0.1:4000/images/environmentCreate/1588523612833.jpg" class="dec_img"/></div>','大班','http://127.0.0.1:4000/images/environmentCreate/1588523608591.jpg',3);
INSERT INTO `teacher_articles` VALUES (46,'幼儿园走廊环境步骤《好饿的毛毛虫》','<div class="dec"><p class="dec_text"></p><img style="width:100%" src="http://127.0.0.1:4000/images/environmentCreate/1588523647449.jpg" class="dec_img"/><img style="width:100%" src="http://127.0.0.1:4000/images/environmentCreate/1588523649665.jpg" class="dec_img"/><img style="width:100%" src="http://127.0.0.1:4000/images/environmentCreate/1588523651455.jpg" class="dec_img"/><img style="width:100%" src="http://127.0.0.1:4000/images/environmentCreate/1588523653147.jpg" class="dec_img"/></div>','绘本','http://127.0.0.1:4000/images/environmentCreate/1588523647449.jpg',3);
INSERT INTO `teacher_articles` VALUES (47,'特色区域-火锅城','<div class="dec"><p class="dec_text"></p><img style="width:100%" src="http://127.0.0.1:4000/images/environmentCreate/1588523668874.jpg" class="dec_img"/><img style="width:100%" src="http://127.0.0.1:4000/images/environmentCreate/1588523670980.jpg" class="dec_img"/><img style="width:100%" src="http://127.0.0.1:4000/images/environmentCreate/1588523672734.jpg" class="dec_img"/><img style="width:100%" src="http://127.0.0.1:4000/images/environmentCreate/1588523680769.jpg" class="dec_img"/><img style="width:100%" src="http://127.0.0.1:4000/images/environmentCreate/1588523682334.jpg" class="dec_img"/></div>','环境创设','http://127.0.0.1:4000/images/environmentCreate/1588523668874.jpg',3);
INSERT INTO `teacher_articles` VALUES (48,'《延禧攻略》幼儿园版环创来啦？不看你就out了...','<div class="dec"><p class="dec_text"></p><img style="width:100%" src="http://127.0.0.1:4000/images/environmentCreate/1588523703462.jpg" class="dec_img"/><img style="width:100%" src="http://127.0.0.1:4000/images/environmentCreate/1588523704975.jpg" class="dec_img"/><img style="width:100%" src="http://127.0.0.1:4000/images/environmentCreate/1588523706972.jpg" class="dec_img"/><img style="width:100%" src="http://127.0.0.1:4000/images/environmentCreate/1588523733372.jpg" class="dec_img"/><img style="width:100%" src="http://127.0.0.1:4000/images/environmentCreate/1588523734857.jpg" class="dec_img"/><img style="width:100%" src="http://127.0.0.1:4000/images/environmentCreate/1588523737466.jpg" class="dec_img"/><img style="width:100%" src="http://127.0.0.1:4000/images/environmentCreate/1588523739582.jpg" class="dec_img"/><img style="width:100%" src="http://127.0.0.1:4000/images/environmentCreate/1588523741122.jpg" class="dec_img"/></div>','环创','http://127.0.0.1:4000/images/environmentCreate/1588523703462.jpg',3);
INSERT INTO `teacher_articles` VALUES (50,'转发·参观[珠海容闳国际幼稚园]环境','<div class="dec"><p class="dec_text"></p><img style="width:100%" src="http://127.0.0.1:4000/images/environmentCreate/1588523757807.jpg" class="dec_img"/><img style="width:100%" src="http://127.0.0.1:4000/images/environmentCreate/1588523759377.jpg" class="dec_img"/><img style="width:100%" src="http://127.0.0.1:4000/images/environmentCreate/1588523760793.jpg" class="dec_img"/><img style="width:100%" src="http://127.0.0.1:4000/images/environmentCreate/1588523762259.jpg" class="dec_img"/><img style="width:100%" src="http://127.0.0.1:4000/images/environmentCreate/1588523763637.jpg" class="dec_img"/><img style="width:100%" src="http://127.0.0.1:4000/images/environmentCreate/1588523765036.jpg" class="dec_img"/><img style="width:100%" src="http://127.0.0.1:4000/images/environmentCreate/1588523766589.jpg" class="dec_img"/><img style="width:100%" src="http://127.0.0.1:4000/images/environmentCreate/1588523768105.jpg" class="dec_img"/><img style="width:100%" src="http://127.0.0.1:4000/images/environmentCreate/1588523769597.jpg" class="dec_img"/></div>','幼稚园','http://127.0.0.1:4000/images/environmentCreate/1588523757807.jpg',3);
INSERT INTO `teacher_articles` VALUES (49,'主题、常规、作品板块布置','<div class="dec"><p class="dec_text"></p><img style="width:100%" src="http://127.0.0.1:4000/images/environmentCreate/1588523775490.jpg" class="dec_img"/><img style="width:100%" src="http://127.0.0.1:4000/images/environmentCreate/1588523776830.jpg" class="dec_img"/><img style="width:100%" src="http://127.0.0.1:4000/images/environmentCreate/1588523777990.jpg" class="dec_img"/><img style="width:100%" src="http://127.0.0.1:4000/images/environmentCreate/1588523779075.jpg" class="dec_img"/><img style="width:100%" src="http://127.0.0.1:4000/images/environmentCreate/1588523780201.jpg" class="dec_img"/></div>','环境创设','http://127.0.0.1:4000/images/environmentCreate/1588523775490.jpg',3);
INSERT INTO `teacher_articles` VALUES (51,'大班环创','<div class="dec"><p class="dec_text"></p><img style="width:100%" src="http://127.0.0.1:4000/images/environmentCreate/1588523786898.jpg" class="dec_img"/><img style="width:100%" src="http://127.0.0.1:4000/images/environmentCreate/1588523788351.jpg" class="dec_img"/><img style="width:100%" src="http://127.0.0.1:4000/images/environmentCreate/1588523789532.jpg" class="dec_img"/><img style="width:100%" src="http://127.0.0.1:4000/images/environmentCreate/1588523790867.jpg" class="dec_img"/><img style="width:100%" src="http://127.0.0.1:4000/images/environmentCreate/1588523792033.jpg" class="dec_img"/><img style="width:100%" src="http://127.0.0.1:4000/images/environmentCreate/1588523793061.jpg" class="dec_img"/><img style="width:100%" src="http://127.0.0.1:4000/images/environmentCreate/1588523800938.jpg" class="dec_img"/><img style="width:100%" src="http://127.0.0.1:4000/images/environmentCreate/1588523804027.jpg" class="dec_img"/><img style="width:100%" src="http://127.0.0.1:4000/images/environmentCreate/1588523805250.jpg" class="dec_img"/><img style="width:100%" src="http://127.0.0.1:4000/images/environmentCreate/1588523818715.jpg" class="dec_img"/><img style="width:100%" src="http://127.0.0.1:4000/images/environmentCreate/1588523821122.jpg" class="dec_img"/></div>','大班','http://127.0.0.1:4000/images/environmentCreate/1588523786898.jpg',3);
INSERT INTO `teacher_articles` VALUES (52,'感官游乐园主题墙','<div class="dec"><p class="dec_text"></p><img style="width:100%" src="http://127.0.0.1:4000/images/environmentCreate/1588523834621.jpg" class="dec_img"/><img style="width:100%" src="http://127.0.0.1:4000/images/environmentCreate/1588523835917.jpg" class="dec_img"/><img style="width:100%" src="http://127.0.0.1:4000/images/environmentCreate/1588523837171.jpg" class="dec_img"/><img style="width:100%" src="http://127.0.0.1:4000/images/environmentCreate/1588523838531.jpg" class="dec_img"/></div>','主题墙','http://127.0.0.1:4000/images/environmentCreate/1588523834621.jpg',3);
INSERT INTO `teacher_articles` VALUES (53,'小动物的家','<div class="dec"><p class="dec_text"></p><img style="width:100%" src="http://127.0.0.1:4000/images/environmentCreate/1588523846198.jpg" class="dec_img"/><img style="width:100%" src="http://127.0.0.1:4000/images/environmentCreate/1588523847228.jpg" class="dec_img"/></div>','动物','http://127.0.0.1:4000/images/environmentCreate/1588523846198.jpg',3);
INSERT INTO `teacher_articles` VALUES (54,'金灿灿的“秋季大丰收”环境创设，快收藏起来吧！','<div class="dec"><p class="dec_text"></p><img style="width:100%" src="http://127.0.0.1:4000/images/environmentCreate/1588523854652.jpg" class="dec_img"/><img style="width:100%" src="http://127.0.0.1:4000/images/environmentCreate/1588523855956.jpg" class="dec_img"/><img style="width:100%" src="http://127.0.0.1:4000/images/environmentCreate/1588523857314.jpg" class="dec_img"/><img style="width:100%" src="http://127.0.0.1:4000/images/environmentCreate/1588523858651.jpg" class="dec_img"/></div>','秋季丰收','http://127.0.0.1:4000/images/environmentCreate/1588523855956.jpg',3);
INSERT INTO `teacher_articles` VALUES (55,'吊饰','<div class="dec"><p class="dec_text"></p><img style="width:100%" src="http://127.0.0.1:4000/images/environmentCreate/1588523869003.jpg" class="dec_img"/><img style="width:100%" src="http://127.0.0.1:4000/images/environmentCreate/1588523870329.jpg" class="dec_img"/><img style="width:100%" src="http://127.0.0.1:4000/images/environmentCreate/1588523871733.jpg" class="dec_img"/><img style="width:100%" src="http://127.0.0.1:4000/images/environmentCreate/1588523873384.jpg" class="dec_img"/></div>','吊饰','http://127.0.0.1:4000/images/environmentCreate/1588523869003.jpg',3);
INSERT INTO `teacher_articles` VALUES (56,'托班主题墙：亲亲小动物','<div class="dec"><p class="dec_text"></p><img style="width:100%" src="http://127.0.0.1:4000/images/environmentCreate/1588523885561.jpg" class="dec_img"/><img style="width:100%" src="http://127.0.0.1:4000/images/environmentCreate/1588523887079.jpg" class="dec_img"/><img style="width:100%" src="http://127.0.0.1:4000/images/environmentCreate/1588523888270.jpg" class="dec_img"/><img style="width:100%" src="http://127.0.0.1:4000/images/environmentCreate/1588523889721.jpg" class="dec_img"/><img style="width:100%" src="http://127.0.0.1:4000/images/environmentCreate/1588523891041.jpg" class="dec_img"/><img style="width:100%" src="http://127.0.0.1:4000/images/environmentCreate/1588523892709.jpg" class="dec_img"/></div>','主题墙','http://127.0.0.1:4000/images/environmentCreate/1588523887079.jpg',3);
INSERT INTO `teacher_articles` VALUES (57,'主题墙装饰','<div class="dec"><p class="dec_text"></p><img style="width:100%" src="http://127.0.0.1:4000/images/environmentCreate/1588523928755.jpg" class="dec_img"/><img style="width:100%" src="http://127.0.0.1:4000/images/environmentCreate/1588523930055.jpg" class="dec_img"/><img style="width:100%" src="http://127.0.0.1:4000/images/environmentCreate/1588523931514.jpg" class="dec_img"/></div>','环境创设','http://127.0.0.1:4000/images/environmentCreate/1588523928755.jpg',3);
INSERT INTO `teacher_articles` VALUES (58,'自然角','<div class="dec"><p class="dec_text"></p><img style="width:100%" src="http://127.0.0.1:4000/images/environmentCreate/1588523941931.jpg" class="dec_img"/><img style="width:100%" src="http://127.0.0.1:4000/images/environmentCreate/1588523937090.jpg" class="dec_img"/><img style="width:100%" src="http://127.0.0.1:4000/images/environmentCreate/1588523938359.jpg" class="dec_img"/><img style="width:100%" src="http://127.0.0.1:4000/images/environmentCreate/1588523939495.jpg" class="dec_img"/><img style="width:100%" src="http://127.0.0.1:4000/images/environmentCreate/1588523940663.jpg" class="dec_img"/></div>','自然角','http://127.0.0.1:4000/images/environmentCreate/1588523937090.jpg',3);
INSERT INTO `teacher_articles` VALUES (59,'家园联系栏','<div class="dec"><p class="dec_text"></p><img style="width:100%" src="http://127.0.0.1:4000/images/environmentCreate/1588523947659.jpg" class="dec_img"/><img style="width:100%" src="http://127.0.0.1:4000/images/environmentCreate/1588523948716.jpg" class="dec_img"/><img style="width:100%" src="http://127.0.0.1:4000/images/environmentCreate/1588523949690.jpg" class="dec_img"/></div>','环境布置','http://127.0.0.1:4000/images/environmentCreate/1588523947659.jpg',3);
INSERT INTO `teacher_articles` VALUES (60,'几米绘画室','<div class="dec"><p class="dec_text"></p><img style="width:100%" src="http://127.0.0.1:4000/images/environmentCreate/1588523956720.jpg" class="dec_img"/><img style="width:100%" src="http://127.0.0.1:4000/images/environmentCreate/1588523958266.jpg" class="dec_img"/><img style="width:100%" src="http://127.0.0.1:4000/images/environmentCreate/1588523959441.jpg" class="dec_img"/><img style="width:100%" src="http://127.0.0.1:4000/images/environmentCreate/1588523960631.jpg" class="dec_img"/><img style="width:100%" src="http://127.0.0.1:4000/images/environmentCreate/1588523965738.jpg" class="dec_img"/><img style="width:100%" src="http://127.0.0.1:4000/images/environmentCreate/1588523966675.jpg" class="dec_img"/><img style="width:100%" src="http://127.0.0.1:4000/images/environmentCreate/1588523967776.jpg" class="dec_img"/><img style="width:100%" src="http://127.0.0.1:4000/images/environmentCreate/1588523968825.jpg" class="dec_img"/><img style="width:100%" src="http://127.0.0.1:4000/images/environmentCreate/1588523975186.jpg" class="dec_img"/></div>','环境布置','http://127.0.0.1:4000/images/environmentCreate/1588523956720.jpg',3);
INSERT INTO `teacher_articles` VALUES (61,'疫情宣传大厅','<div class="dec"><p class="dec_text"></p><img style="width:100%" src="http://127.0.0.1:4000/images/environmentCreate/1588523991509.jpg" class="dec_img"/><img style="width:100%" src="http://127.0.0.1:4000/images/environmentCreate/1588523993065.jpg" class="dec_img"/><img style="width:100%" src="http://127.0.0.1:4000/images/environmentCreate/1588523994764.jpg" class="dec_img"/><img style="width:100%" src="http://127.0.0.1:4000/images/environmentCreate/1588523996674.jpg" class="dec_img"/><img style="width:100%" src="http://127.0.0.1:4000/images/environmentCreate/1588523998380.jpg" class="dec_img"/><img style="width:100%" src="http://127.0.0.1:4000/images/environmentCreate/1588524002037.jpg" class="dec_img"/><img style="width:100%" src="http://127.0.0.1:4000/images/environmentCreate/1588524003911.jpg" class="dec_img"/><img style="width:100%" src="http://127.0.0.1:4000/images/environmentCreate/1588524005153.jpg" class="dec_img"/></div>','新型冠状病毒','http://127.0.0.1:4000/images/environmentCreate/1588523991509.jpg',3);
INSERT INTO `teacher_articles` VALUES (62,'我们的城市','<div class="dec"><p>大班 主题环境</p><img style="width:100%" src="http://127.0.0.1:4000/images/recommend/1588569899987.jpg" class="dec_img"/><p>手绘防疫小贴士</p><img style="width:100%" src="http://127.0.0.1:4000/images/recommend/1588569903304.jpg" class="dec_img"/><p>手绘防疫</p><img style="width:100%" src="http://127.0.0.1:4000/images/recommend/1588569905555.jpg" class="dec_img"/><p>手绘防疫小妙招</p><img style="width:100%" src="http://127.0.0.1:4000/images/recommend/1588569906740.jpg" class="dec_img"/><img style="width:100%" src="http://127.0.0.1:4000/images/recommend/1588569908666.jpg" class="dec_img"/><p>老房子新建筑</p><img style="width:100%" src="http://127.0.0.1:4000/images/recommend/1588569909877.jpg" class="dec_img"/><p>路边新事</p><img style="width:100%" src="http://127.0.0.1:4000/images/recommend/1588569911942.jpg" class="dec_img"/><p>逛街</p><img style="width:100%" src="http://127.0.0.1:4000/images/recommend/1588569913235.jpg" class="dec_img"/><p>通畅的路</p><img style="width:100%" src="http://127.0.0.1:4000/images/recommend/1588569914619.jpg" class="dec_img"/><p>新式的车</p><img style="width:100%" src="http://127.0.0.1:4000/images/recommend/1588569916737.jpg" class="dec_img"/><img style="width:100%" src="http://127.0.0.1:4000/images/recommend/1588569918901.jpg" class="dec_img"/><img style="width:100%" src="http://127.0.0.1:4000/images/recommend/1588569920195.jpg" class="dec_img"/><p>美工角</p><img style="width:100%" src="http://127.0.0.1:4000/images/recommend/1588569922126.jpg" class="dec_img"/><p>阿拉小辰光</p><img style="width:100%" src="http://127.0.0.1:4000/images/recommend/1588569924212.jpg" class="dec_img"/><p>大桥</p><img style="width:100%" src="http://127.0.0.1:4000/images/recommend/1588569926406.jpg" class="dec_img"/><p>拱桥</p><img style="width:100%" src="http://127.0.0.1:4000/images/recommend/1588569928868.jpg" class="dec_img"/><p>科学角墙面</p></div>','绘画','http://127.0.0.1:4000/images/environmentCreate/1588524023782.jpg',3);
INSERT INTO `teacher_articles` VALUES (63,'疫情主题开学季','<div class="dec"><p class="dec_text"></p><img style="width:100%" src="http://127.0.0.1:4000/images/environmentCreate/1588572623363.jpg" class="dec_img"/><img style="width:100%" src="http://127.0.0.1:4000/images/environmentCreate/1588572624188.jpg" class="dec_img"/><img style="width:100%" src="http://127.0.0.1:4000/images/environmentCreate/1588572625036.jpg" class="dec_img"/><img style="width:100%" src="http://127.0.0.1:4000/images/environmentCreate/1588572625904.jpg" class="dec_img"/><img style="width:100%" src="http://127.0.0.1:4000/images/environmentCreate/1588572626801.jpg" class="dec_img"/></div>','主题','http://127.0.0.1:4000/images/environmentCreate/1588572625036.jpg',3);
INSERT INTO `teacher_articles` VALUES (64,'墙饰','<div class="dec"><p class="dec_text"></p><img style="width:100%" src="http://127.0.0.1:4000/images/environmentCreate/1588524065723.jpg" class="dec_img"/><img style="width:100%" src="http://127.0.0.1:4000/images/environmentCreate/1588524067012.jpg" class="dec_img"/><img style="width:100%" src="http://127.0.0.1:4000/images/environmentCreate/1588524069232.jpg" class="dec_img"/><img style="width:100%" src="http://127.0.0.1:4000/images/environmentCreate/1588524070568.jpg" class="dec_img"/></div>','手工','http://127.0.0.1:4000/images/environmentCreate/1588524065723.jpg',3);
INSERT INTO `teacher_articles` VALUES (65,'农家小院','<div class="dec"><p class="dec_text"></p><img style="width:100%" src="http://127.0.0.1:4000/images/environmentCreate/1588524084321.jpg" class="dec_img"/><img style="width:100%" src="http://127.0.0.1:4000/images/environmentCreate/1588524085688.jpg" class="dec_img"/><img style="width:100%" src="http://127.0.0.1:4000/images/environmentCreate/1588524087854.jpg" class="dec_img"/><img style="width:100%" src="http://127.0.0.1:4000/images/environmentCreate/1588524089537.jpg" class="dec_img"/><img style="width:100%" src="http://127.0.0.1:4000/images/environmentCreate/1588524091153.jpg" class="dec_img"/><img style="width:100%" src="http://127.0.0.1:4000/images/environmentCreate/1588524092396.jpg" class="dec_img"/><img style="width:100%" src="http://127.0.0.1:4000/images/environmentCreate/1588524093557.jpg" class="dec_img"/></div>','废旧材料','http://127.0.0.1:4000/images/environmentCreate/1588524084321.jpg',3);
INSERT INTO `teacher_articles` VALUES (66,'农家院','<div class="dec"><p class="dec_text"></p><img style="width:100%" src="http://127.0.0.1:4000/images/environmentCreate/1588524100192.jpg" class="dec_img"/><img style="width:100%" src="http://127.0.0.1:4000/images/environmentCreate/1588524101591.jpg" class="dec_img"/><img style="width:100%" src="http://127.0.0.1:4000/images/environmentCreate/1588524102814.jpg" class="dec_img"/><img style="width:100%" src="http://127.0.0.1:4000/images/environmentCreate/1588524104163.jpg" class="dec_img"/><img style="width:100%" src="http://127.0.0.1:4000/images/environmentCreate/1588524105258.jpg" class="dec_img"/></div>','废旧材料','http://127.0.0.1:4000/images/environmentCreate/1588524100192.jpg',3);
INSERT INTO `teacher_articles` VALUES (67,'区域规则','<div class="dec"><p class="dec_text"></p><img style="width:100%" src="http://127.0.0.1:4000/images/environmentCreate/1588524114423.jpg" class="dec_img"/><img style="width:100%" src="http://127.0.0.1:4000/images/environmentCreate/1588524115701.jpg" class="dec_img"/><img style="width:100%" src="http://127.0.0.1:4000/images/environmentCreate/1588524116677.jpg" class="dec_img"/><img style="width:100%" src="http://127.0.0.1:4000/images/environmentCreate/1588524117889.jpg" class="dec_img"/><img style="width:100%" src="http://127.0.0.1:4000/images/environmentCreate/1588524119039.jpg" class="dec_img"/><img style="width:100%" src="http://127.0.0.1:4000/images/environmentCreate/1588524120119.jpg" class="dec_img"/><img style="width:100%" src="http://127.0.0.1:4000/images/environmentCreate/1588524121327.jpg" class="dec_img"/><img style="width:100%" src="http://127.0.0.1:4000/images/environmentCreate/1588524122482.jpg" class="dec_img"/></div>','环境创设','http://127.0.0.1:4000/images/environmentCreate/1588524114423.jpg',3);
INSERT INTO `teacher_articles` VALUES (68,'小猪佩奇主题','<div class="dec"><p class="dec_text"></p><img style="width:100%" src="http://127.0.0.1:4000/images/environmentCreate/1588572888341.jpg" class="dec_img"/><img style="width:100%" src="http://127.0.0.1:4000/images/environmentCreate/1588572889338.jpg" class="dec_img"/><img style="width:100%" src="http://127.0.0.1:4000/images/environmentCreate/1588572890187.jpg" class="dec_img"/><img style="width:100%" src="http://127.0.0.1:4000/images/environmentCreate/1588572890962.jpg" class="dec_img"/><img style="width:100%" src="http://127.0.0.1:4000/images/environmentCreate/1588572891745.jpg" class="dec_img"/></div>','主题墙','http://127.0.0.1:4000/images/environmentCreate/1588572888341.jpg',3);
INSERT INTO `teacher_articles` VALUES (69,'中国邮政储蓄银行','<div class="dec"><p class="dec_text"></p><img style="width:100%" src="http://127.0.0.1:4000/images/environmentCreate/1588524130963.jpg" class="dec_img"/><img style="width:100%" src="http://127.0.0.1:4000/images/environmentCreate/1588524132490.jpg" class="dec_img"/><img style="width:100%" src="http://127.0.0.1:4000/images/environmentCreate/1588524133578.jpg" class="dec_img"/><img style="width:100%" src="http://127.0.0.1:4000/images/environmentCreate/1588524134678.jpg" class="dec_img"/><img style="width:100%" src="http://127.0.0.1:4000/images/environmentCreate/1588524135619.jpg" class="dec_img"/></div>','废物利用','http://127.0.0.1:4000/images/environmentCreate/1588524132490.jpg',3);

-- 体育
INSERT INTO `teacher_articles` VALUES (70,'体智能课','<div class="dec"><p class="dec_text"></p><img style="width:100%" src="http://127.0.0.1:4000/images/sportsGames/1588573878144.jpg" class="dec_img"/><img style="width:100%" src="http://127.0.0.1:4000/images/sportsGames/1588573880699.jpg" class="dec_img"/><img style="width:100%" src="http://127.0.0.1:4000/images/sportsGames/1588573881951.jpg" class="dec_img"/></div>','运动','http://127.0.0.1:4000/images/sportsGames/1588573881951.jpg',4);

INSERT INTO `teacher_articles` VALUES (71,'晨间锻炼！！','<div class="dec"><p class="dec_text"></p><img style="width:100%" src="http://127.0.0.1:4000/images/sportsGames/1588573883023.jpg" class="dec_img"/><img style="width:100%" src="http://127.0.0.1:4000/images/sportsGames/1588573884219.jpg" class="dec_img"/><img style="width:100%" src="http://127.0.0.1:4000/images/sportsGames/1588573885841.jpg" class="dec_img"/><img style="width:100%" src="http://127.0.0.1:4000/images/sportsGames/1588573887071.jpg" class="dec_img"/><img style="width:100%" src="http://127.0.0.1:4000/images/sportsGames/1588573888110.jpg" class="dec_img"/></div>','户外运动','http://127.0.0.1:4000/images/sportsGames/1588573895827.jpg',4);
INSERT INTO `teacher_articles` VALUES (72,'方案','<div class="dec"><p class="dec_text"></p><img style="width:100%" src="http://127.0.0.1:4000/images/sportsGames/1588573907591.jpg" class="dec_img"/><img style="width:100%" src="http://127.0.0.1:4000/images/sportsGames/1588573909681.jpg" class="dec_img"/><img style="width:100%" src="http://127.0.0.1:4000/images/sportsGames/1588573911139.jpg" class="dec_img"/><img style="width:100%" src="http://127.0.0.1:4000/images/sportsGames/1588573912396.jpg" class="dec_img"/></div>','运动','http://127.0.0.1:4000/images/sportsGames/1588573907591.jpg',4);
INSERT INTO `teacher_articles` VALUES (73,'好玩的保龄球','<div class="dec"><p class="dec_text"></p><img style="width:100%" src="http://127.0.0.1:4000/images/sportsGames/1588573919415.jpg" class="dec_img"/><img style="width:100%" src="http://127.0.0.1:4000/images/sportsGames/1588573921597.jpg" class="dec_img"/><img style="width:100%" src="http://127.0.0.1:4000/images/sportsGames/1588573923766.jpg" class="dec_img"/></div>','室内运动','http://127.0.0.1:4000/images/sportsGames/1588573921597.jpg',4);
INSERT INTO `teacher_articles` VALUES (74,'体能锻炼(小班)','<div class="dec"><p class="dec_text"></p><img style="width:100%" src="http://127.0.0.1:4000/images/sportsGames/1588573930714.jpg" class="dec_img"/><img style="width:100%" src="http://127.0.0.1:4000/images/sportsGames/1588573932037.jpg" class="dec_img"/><img style="width:100%" src="http://127.0.0.1:4000/images/sportsGames/1588573933188.jpg" class="dec_img"/><img style="width:100%" src="http://127.0.0.1:4000/images/sportsGames/1588573941385.jpg" class="dec_img"/><img style="width:100%" src="http://127.0.0.1:4000/images/sportsGames/1588573942821.jpg" class="dec_img"/><img style="width:100%" src="http://127.0.0.1:4000/images/sportsGames/1588573944919.jpg" class="dec_img"/><img style="width:100%" src="http://127.0.0.1:4000/images/sportsGames/1588573951389.jpg" class="dec_img"/></div>','户外运动','http://127.0.0.1:4000/images/sportsGames/1588573930714.jpg',4);
INSERT INTO `teacher_articles` VALUES (75,'体能锻炼（小班）','<div class="dec"><p class="dec_text"></p><img style="width:100%" src="http://127.0.0.1:4000/images/sportsGames/1588573930714.jpg" class="dec_img"/><img style="width:100%" src="http://127.0.0.1:4000/images/sportsGames/1588573932037.jpg" class="dec_img"/><img style="width:100%" src="http://127.0.0.1:4000/images/sportsGames/1588573933188.jpg" class="dec_img"/><img style="width:100%" src="http://127.0.0.1:4000/images/sportsGames/1588573941385.jpg" class="dec_img"/><img style="width:100%" src="http://127.0.0.1:4000/images/sportsGames/1588573942821.jpg" class="dec_img"/><img style="width:100%" src="http://127.0.0.1:4000/images/sportsGames/1588573944919.jpg" class="dec_img"/><img style="width:100%" src="http://127.0.0.1:4000/images/sportsGames/1588573951389.jpg" class="dec_img"/></div>','运动','http://127.0.0.1:4000/images/sportsGames/1588573941385.jpg',4);
INSERT INTO `teacher_articles` VALUES (76,'走廊 户外活动','<div class="dec"><p class="dec_text"></p><img style="width:100%" src="http://127.0.0.1:4000/images/sportsGames/1588573952934.jpg" class="dec_img"/><img style="width:100%" src="http://127.0.0.1:4000/images/sportsGames/1588573954004.jpg" class="dec_img"/><img style="width:100%" src="http://127.0.0.1:4000/images/sportsGames/1588573955293.jpg" class="dec_img"/><img style="width:100%" src="http://127.0.0.1:4000/images/sportsGames/1588573956503.jpg" class="dec_img"/><img style="width:100%" src="http://127.0.0.1:4000/images/sportsGames/1588573957812.jpg" class="dec_img"/><img style="width:100%" src="http://127.0.0.1:4000/images/sportsGames/1588573960050.jpg" class="dec_img"/><img style="width:100%" src="http://127.0.0.1:4000/images/sportsGames/1588573961772.jpg" class="dec_img"/></div>','我的身体','http://127.0.0.1:4000/images/sportsGames/1588573951389.jpg',4);
INSERT INTO `teacher_articles` VALUES (77,'体能游戏活动','<div class="dec"><p class="dec_text"></p><img style="width:100%" src="http://127.0.0.1:4000/images/sportsGames/1588573969261.jpg" class="dec_img"/><img style="width:100%" src="http://127.0.0.1:4000/images/sportsGames/1588573973620.jpg" class="dec_img"/><img style="width:100%" src="http://127.0.0.1:4000/images/sportsGames/1588573975001.jpg" class="dec_img"/><img style="width:100%" src="http://127.0.0.1:4000/images/sportsGames/1588573976464.jpg" class="dec_img"/><img style="width:100%" src="http://127.0.0.1:4000/images/sportsGames/1588573977908.jpg" class="dec_img"/><img style="width:100%" src="http://127.0.0.1:4000/images/sportsGames/1588573979245.jpg" class="dec_img"/></div>','集体活动','http://127.0.0.1:4000/images/sportsGames/1588573969261.jpg',4);
INSERT INTO `teacher_articles` VALUES (78,'雨天室内微活动','<div class="dec"><p class="dec_text"></p><img style="width:100%" src="http://127.0.0.1:4000/images/sportsGames/1588573988557.jpg" class="dec_img"/><img style="width:100%" src="http://127.0.0.1:4000/images/sportsGames/1588573990082.jpg" class="dec_img"/><img style="width:100%" src="http://127.0.0.1:4000/images/sportsGames/1588573991582.jpg" class="dec_img"/></div>','生命成长','http://127.0.0.1:4000/images/sportsGames/1588573988557.jpg',4);
INSERT INTO `teacher_articles` VALUES (79,'体能游戏','<div class="dec"><p class="dec_text"></p><img style="width:100%" src="http://127.0.0.1:4000/images/sportsGames/1588574003466.jpg" class="dec_img"/><img style="width:100%" src="http://127.0.0.1:4000/images/sportsGames/1588574005044.jpg" class="dec_img"/><img style="width:100%" src="http://127.0.0.1:4000/images/sportsGames/1588574006455.jpg" class="dec_img"/><img style="width:100%" src="http://127.0.0.1:4000/images/sportsGames/1588574008243.jpg" class="dec_img"/><img style="width:100%" src="http://127.0.0.1:4000/images/sportsGames/1588574010014.jpg" class="dec_img"/><img style="width:100%" src="http://127.0.0.1:4000/images/sportsGames/1588574012179.jpg" class="dec_img"/><img style="width:100%" src="http://127.0.0.1:4000/images/sportsGames/1588574013705.jpg" class="dec_img"/></div>','体能','http://127.0.0.1:4000/images/sportsGames/1588574006455.jpg',4);
INSERT INTO `teacher_articles` VALUES (80,'有趣的室内平衡','<div class="dec"><p class="dec_text"></p><img style="width:100%" src="http://127.0.0.1:4000/images/sportsGames/1588574023972.jpg" class="dec_img"/><img style="width:100%" src="http://127.0.0.1:4000/images/sportsGames/1588574025383.jpg" class="dec_img"/><img style="width:100%" src="http://127.0.0.1:4000/images/sportsGames/1588574027204.jpg" class="dec_img"/><img style="width:100%" src="http://127.0.0.1:4000/images/sportsGames/1588574029261.jpg" class="dec_img"/><img style="width:100%" src="http://127.0.0.1:4000/images/sportsGames/1588574030577.jpg" class="dec_img"/><img style="width:100%" src="http://127.0.0.1:4000/images/sportsGames/1588574031744.jpg" class="dec_img"/></div>','室内运动','http://127.0.0.1:4000/images/sportsGames/1588574025383.jpg',4);
INSERT INTO `teacher_articles` VALUES (81,'室内运动——勇敢者道路','<div class="dec"><p class="dec_text"></p><img style="width:100%" src="http://127.0.0.1:4000/images/sportsGames/1588574039016.jpg" class="dec_img"/><img style="width:100%" src="http://127.0.0.1:4000/images/sportsGames/1588574040046.jpg" class="dec_img"/><img style="width:100%" src="http://127.0.0.1:4000/images/sportsGames/1588574041046.jpg" class="dec_img"/><img style="width:100%" src="http://127.0.0.1:4000/images/sportsGames/1588574045003.jpg" class="dec_img"/><img style="width:100%" src="http://127.0.0.1:4000/images/sportsGames/1588574075572.jpg" class="dec_img"/><img style="width:100%" src="http://127.0.0.1:4000/images/sportsGames/1588574077584.jpg" class="dec_img"/></div>','小班','http://127.0.0.1:4000/images/sportsGames/1588574040046.jpg',4);
INSERT INTO `teacher_articles` VALUES (82,'大班室内活动','<div class="dec"><p class="dec_text"></p><img style="width:100%" src="http://127.0.0.1:4000/images/sportsGames/1588574094161.jpg" class="dec_img"/><img style="width:100%" src="http://127.0.0.1:4000/images/sportsGames/1588574095360.jpg" class="dec_img"/><img style="width:100%" src="http://127.0.0.1:4000/images/sportsGames/1588574096426.jpg" class="dec_img"/><img style="width:100%" src="http://127.0.0.1:4000/images/sportsGames/1588574097232.jpg" class="dec_img"/></div><','室内运动','http://127.0.0.1:4000/images/sportsGames/1588574096426.jpg',4);
INSERT INTO `teacher_articles` VALUES (83,'室内游戏','<div class="dec"><p class="dec_text"></p><img style="width:100%" src="http://127.0.0.1:4000/images/sportsGames/1588574103421.jpg" class="dec_img"/><img style="width:100%" src="http://127.0.0.1:4000/images/sportsGames/1588574105097.jpg" class="dec_img"/><img style="width:100%" src="http://127.0.0.1:4000/images/sportsGames/1588574107372.jpg" class="dec_img"/><img style="width:100%" src="http://127.0.0.1:4000/images/sportsGames/1588574108844.jpg" class="dec_img"/></div>','运动','http://127.0.0.1:4000/images/sportsGames/1588574077584.jpg',4);
INSERT INTO `teacher_articles` VALUES (84,'室内运动游戏——六一游戏','<div class="dec"><p class="dec_text"></p><img style="width:100%" src="http://127.0.0.1:4000/images/sportsGames/1588574116458.jpg" class="dec_img"/><img style="width:100%" src="http://127.0.0.1:4000/images/sportsGames/1588574120182.jpg" class="dec_img"/><img style="width:100%" src="http://127.0.0.1:4000/images/sportsGames/1588574132834.jpg" class="dec_img"/><img style="width:100%" src="http://127.0.0.1:4000/images/sportsGames/1588574133808.jpg" class="dec_img"/><img style="width:100%" src="http://127.0.0.1:4000/images/sportsGames/1588574134611.jpg" class="dec_img"/></div>','节日','http://127.0.0.1:4000/images/sportsGames/1588574105097.jpg',4);
INSERT INTO `teacher_articles` VALUES (85,'双丁路室内运动','<div class="dec"><p class="dec_text"></p><img style="width:100%" src="http://127.0.0.1:4000/images/sportsGames/1588574116458.jpg" class="dec_img"/><img style="width:100%" src="http://127.0.0.1:4000/images/sportsGames/1588574120182.jpg" class="dec_img"/><img style="width:100%" src="http://127.0.0.1:4000/images/sportsGames/1588574132834.jpg" class="dec_img"/><img style="width:100%" src="http://127.0.0.1:4000/images/sportsGames/1588574133808.jpg" class="dec_img"/><img style="width:100%" src="http://127.0.0.1:4000/images/sportsGames/1588574134611.jpg" class="dec_img"/></div>','运动','http://127.0.0.1:4000/images/sportsGames/1588574116458.jpg',4);
INSERT INTO `teacher_articles` VALUES (86,'大班室内运动','<div class="dec"><p class="dec_text"></p><img style="width:100%" src="http://127.0.0.1:4000/images/sportsGames/1588574116458.jpg" class="dec_img"/><img style="width:100%" src="http://127.0.0.1:4000/images/sportsGames/1588574120182.jpg" class="dec_img"/><img style="width:100%" src="http://127.0.0.1:4000/images/sportsGames/1588574132834.jpg" class="dec_img"/><img style="width:100%" src="http://127.0.0.1:4000/images/sportsGames/1588574133808.jpg" class="dec_img"/><img style="width:100%" src="http://127.0.0.1:4000/images/sportsGames/1588574134611.jpg" class="dec_img"/></div>','运动','http://127.0.0.1:4000/images/sportsGames/1588574133808.jpg',4);
INSERT INTO `teacher_articles` VALUES (87,'室内运动','<div class="dec"><p class="dec_text"></p><img style="width:100%" src="http://127.0.0.1:4000/images/sportsGames/1588574116458.jpg" class="dec_img"/><img style="width:100%" src="http://127.0.0.1:4000/images/sportsGames/1588574120182.jpg" class="dec_img"/><img style="width:100%" src="http://127.0.0.1:4000/images/sportsGames/1588574132834.jpg" class="dec_img"/><img style="width:100%" src="http://127.0.0.1:4000/images/sportsGames/1588574133808.jpg" class="dec_img"/><img style="width:100%" src="http://127.0.0.1:4000/images/sportsGames/1588574134611.jpg" class="dec_img"/></div>','室内','http://127.0.0.1:4000/images/sportsGames/1588574141503.jpg',4);
INSERT INTO `teacher_articles` VALUES (88,'室内创意运动','<div class="dec"><p class="dec_text"></p><img style="width:100%" src="http://127.0.0.1:4000/images/sportsGames/1588574116458.jpg" class="dec_img"/><img style="width:100%" src="http://127.0.0.1:4000/images/sportsGames/1588574120182.jpg" class="dec_img"/><img style="width:100%" src="http://127.0.0.1:4000/images/sportsGames/1588574132834.jpg" class="dec_img"/><img style="width:100%" src="http://127.0.0.1:4000/images/sportsGames/1588574133808.jpg" class="dec_img"/><img style="width:100%" src="http://127.0.0.1:4000/images/sportsGames/1588574134611.jpg" class="dec_img"/></div>','室内运动','http://127.0.0.1:4000/images/sportsGames/1588574219405.jpg',4);
INSERT INTO `teacher_articles` VALUES (89,'运动-1','<div class="dec"><p class="dec_text"></p><img style="width:100%" src="http://127.0.0.1:4000/images/sportsGames/1588574116458.jpg" class="dec_img"/><img style="width:100%" src="http://127.0.0.1:4000/images/sportsGames/1588574120182.jpg" class="dec_img"/><img style="width:100%" src="http://127.0.0.1:4000/images/sportsGames/1588574132834.jpg" class="dec_img"/><img style="width:100%" src="http://127.0.0.1:4000/images/sportsGames/1588574133808.jpg" class="dec_img"/><img style="width:100%" src="http://127.0.0.1:4000/images/sportsGames/1588574134611.jpg" class="dec_img"/></div>','户外运动','http://127.0.0.1:4000/images/sportsGames/1588574242732.jpg',4);
INSERT INTO `teacher_articles` VALUES (90,'室内运动','<div class="dec"><p class="dec_text"></p><img style="width:100%" src="http://127.0.0.1:4000/images/sportsGames/1588574116458.jpg" class="dec_img"/><img style="width:100%" src="http://127.0.0.1:4000/images/sportsGames/1588574120182.jpg" class="dec_img"/><img style="width:100%" src="http://127.0.0.1:4000/images/sportsGames/1588574132834.jpg" class="dec_img"/><img style="width:100%" src="http://127.0.0.1:4000/images/sportsGames/1588574133808.jpg" class="dec_img"/><img style="width:100%" src="http://127.0.0.1:4000/images/sportsGames/1588574134611.jpg" class="dec_img"/></div>','运动','http://127.0.0.1:4000/images/sportsGames/1588574155490.jpg',4);
INSERT INTO `teacher_articles` VALUES (91,'永和路幼儿园户外运动','<div class="dec"><p class="dec_text"></p><img style="width:100%" src="http://127.0.0.1:4000/images/sportsGames/1588574116458.jpg" class="dec_img"/><img style="width:100%" src="http://127.0.0.1:4000/images/sportsGames/1588574120182.jpg" class="dec_img"/><img style="width:100%" src="http://127.0.0.1:4000/images/sportsGames/1588574132834.jpg" class="dec_img"/><img style="width:100%" src="http://127.0.0.1:4000/images/sportsGames/1588574133808.jpg" class="dec_img"/><img style="width:100%" src="http://127.0.0.1:4000/images/sportsGames/1588574134611.jpg" class="dec_img"/></div>','户外运动','http://127.0.0.1:4000/images/sportsGames/1588574262340.jpg',4);
INSERT INTO `teacher_articles` VALUES (92,'户外运动','<div class="dec"><p class="dec_text"></p><img style="width:100%" src="http://127.0.0.1:4000/images/sportsGames/1588574116458.jpg" class="dec_img"/><img style="width:100%" src="http://127.0.0.1:4000/images/sportsGames/1588574120182.jpg" class="dec_img"/><img style="width:100%" src="http://127.0.0.1:4000/images/sportsGames/1588574132834.jpg" class="dec_img"/><img style="width:100%" src="http://127.0.0.1:4000/images/sportsGames/1588574133808.jpg" class="dec_img"/><img style="width:100%" src="http://127.0.0.1:4000/images/sportsGames/1588574134611.jpg" class="dec_img"/></div>','户外运动','http://127.0.0.1:4000/images/sportsGames/1588574273505.jpg',4);
INSERT INTO `teacher_articles` VALUES (93,'室内运动','<div class="dec"><p class="dec_text"></p><img style="width:100%" src="http://127.0.0.1:4000/images/sportsGames/1588574116458.jpg" class="dec_img"/><img style="width:100%" src="http://127.0.0.1:4000/images/sportsGames/1588574120182.jpg" class="dec_img"/><img style="width:100%" src="http://127.0.0.1:4000/images/sportsGames/1588574132834.jpg" class="dec_img"/><img style="width:100%" src="http://127.0.0.1:4000/images/sportsGames/1588574133808.jpg" class="dec_img"/><img style="width:100%" src="http://127.0.0.1:4000/images/sportsGames/1588574134611.jpg" class="dec_img"/></div>','室内运动','http://127.0.0.1:4000/images/sportsGames/1588574220223.jpg',4);
INSERT INTO `teacher_articles` VALUES (94,'户外运动','<div class="dec"><p class="dec_text"></p><img style="width:100%" src="http://127.0.0.1:4000/images/sportsGames/1588574116458.jpg" class="dec_img"/><img style="width:100%" src="http://127.0.0.1:4000/images/sportsGames/1588574120182.jpg" class="dec_img"/><img style="width:100%" src="http://127.0.0.1:4000/images/sportsGames/1588574132834.jpg" class="dec_img"/><img style="width:100%" src="http://127.0.0.1:4000/images/sportsGames/1588574133808.jpg" class="dec_img"/><img style="width:100%" src="http://127.0.0.1:4000/images/sportsGames/1588574134611.jpg" class="dec_img"/></div>','户外运动','http://127.0.0.1:4000/images/sportsGames/1588574029261.jpg',4);
INSERT INTO `teacher_articles` VALUES (95,'室内运动','<div class="dec"><p class="dec_text"></p><img style="width:100%" src="http://127.0.0.1:4000/images/sportsGames/1588574116458.jpg" class="dec_img"/><img style="width:100%" src="http://127.0.0.1:4000/images/sportsGames/1588574120182.jpg" class="dec_img"/><img style="width:100%" src="http://127.0.0.1:4000/images/sportsGames/1588574132834.jpg" class="dec_img"/><img style="width:100%" src="http://127.0.0.1:4000/images/sportsGames/1588574133808.jpg" class="dec_img"/><img style="width:100%" src="http://127.0.0.1:4000/images/sportsGames/1588574134611.jpg" class="dec_img"/></div>','室内','http://127.0.0.1:4000/images/sportsGames/1588574157316.jpg',4);
INSERT INTO `teacher_articles` VALUES (96,'室内创意运动','<div class="dec"><p class="dec_text"></p><img style="width:100%" src="http://127.0.0.1:4000/images/sportsGames/1588574116458.jpg" class="dec_img"/><img style="width:100%" src="http://127.0.0.1:4000/images/sportsGames/1588574120182.jpg" class="dec_img"/><img style="width:100%" src="http://127.0.0.1:4000/images/sportsGames/1588574132834.jpg" class="dec_img"/><img style="width:100%" src="http://127.0.0.1:4000/images/sportsGames/1588574133808.jpg" class="dec_img"/><img style="width:100%" src="http://127.0.0.1:4000/images/sportsGames/1588574134611.jpg" class="dec_img"/></div>','室内运动','http://127.0.0.1:4000/images/sportsGames/1588574135401.jpg',4);
INSERT INTO `teacher_articles` VALUES (97,'室内运动','<div class="dec"><p class="dec_text"></p><img style="width:100%" src="http://127.0.0.1:4000/images/sportsGames/1588574116458.jpg" class="dec_img"/><img style="width:100%" src="http://127.0.0.1:4000/images/sportsGames/1588574120182.jpg" class="dec_img"/><img style="width:100%" src="http://127.0.0.1:4000/images/sportsGames/1588574132834.jpg" class="dec_img"/><img style="width:100%" src="http://127.0.0.1:4000/images/sportsGames/1588574133808.jpg" class="dec_img"/><img style="width:100%" src="http://127.0.0.1:4000/images/sportsGames/1588574134611.jpg" class="dec_img"/></div>','室内','http://127.0.0.1:4000/images/sportsGames/1588574156345.jpg',4);
INSERT INTO `teacher_articles` VALUES (98,'室内运动','<div class="dec"><p class="dec_text"></p><img style="width:100%" src="http://127.0.0.1:4000/images/sportsGames/1588574116458.jpg" class="dec_img"/><img style="width:100%" src="http://127.0.0.1:4000/images/sportsGames/1588574120182.jpg" class="dec_img"/><img style="width:100%" src="http://127.0.0.1:4000/images/sportsGames/1588574132834.jpg" class="dec_img"/><img style="width:100%" src="http://127.0.0.1:4000/images/sportsGames/1588574133808.jpg" class="dec_img"/><img style="width:100%" src="http://127.0.0.1:4000/images/sportsGames/1588574134611.jpg" class="dec_img"/></div>','运动','http://127.0.0.1:4000/images/sportsGames/1588574210610.jpg',4);

-- 美术
INSERT INTO `teacher_articles` VALUES (99,'捕捉病毒','<div class="dec"><p class="dec_text"></p><img style="width:100%" src="http://127.0.0.1:4000/images/art/1588524323334.jpg" class="dec_img"/><img style="width:100%" src="http://127.0.0.1:4000/images/art/1588524324651.jpg" class="dec_img"/><img style="width:100%" src="http://127.0.0.1:4000/images/art/1588524325935.jpg" class="dec_img"/></div>','美工区','http://127.0.0.1:4000/images/art/1588524318194.jpg',5);
INSERT INTO `teacher_articles` VALUES (100,'趣味儿童画','<div class="dec"><p class="dec_text"></p><img style="width:100%" src="http://127.0.0.1:4000/images/art/1588524323334.jpg" class="dec_img"/><img style="width:100%" src="http://127.0.0.1:4000/images/art/1588524324651.jpg" class="dec_img"/><img style="width:100%" src="http://127.0.0.1:4000/images/art/1588524325935.jpg" class="dec_img"/></div>','美工材料','http://127.0.0.1:4000/images/art/1588524323334.jpg',5);
INSERT INTO `teacher_articles` VALUES (101,'两张彩色纸就能变出一个长颈鹿','<div class="dec"><p class="dec_text"></p><img style="width:100%" src="http://127.0.0.1:4000/images/art/1588524323334.jpg" class="dec_img"/><img style="width:100%" src="http://127.0.0.1:4000/images/art/1588524324651.jpg" class="dec_img"/><img style="width:100%" src="http://127.0.0.1:4000/images/art/1588524325935.jpg" class="dec_img"/></div>','创意美术','http://127.0.0.1:4000/images/art/1588573224495.jpg',5);
INSERT INTO `teacher_articles` VALUES (102,'鲨鱼小手工','<div class="dec"><p class="dec_text"></p><img style="width:100%" src="http://127.0.0.1:4000/images/art/1588524323334.jpg" class="dec_img"/><img style="width:100%" src="http://127.0.0.1:4000/images/art/1588524324651.jpg" class="dec_img"/><img style="width:100%" src="http://127.0.0.1:4000/images/art/1588524325935.jpg" class="dec_img"/></div>','手工','http://127.0.0.1:4000/images/art/1588524354669.jpg',5);
INSERT INTO `teacher_articles` VALUES (103,'丹顶鹤','<div class="dec"><p class="dec_text"></p><img style="width:100%" src="http://127.0.0.1:4000/images/art/1588524323334.jpg" class="dec_img"/><img style="width:100%" src="http://127.0.0.1:4000/images/art/1588524324651.jpg" class="dec_img"/><img style="width:100%" src="http://127.0.0.1:4000/images/art/1588524325935.jpg" class="dec_img"/></div>','水粉','http://127.0.0.1:4000/images/art/1588524369761.jpg',5);
INSERT INTO `teacher_articles` VALUES (104,'漂亮的石头画','<div class="dec"><p class="dec_text"></p><img style="width:100%" src="http://127.0.0.1:4000/images/art/1588524323334.jpg" class="dec_img"/><img style="width:100%" src="http://127.0.0.1:4000/images/art/1588524324651.jpg" class="dec_img"/><img style="width:100%" src="http://127.0.0.1:4000/images/art/1588524325935.jpg" class="dec_img"/></div>','绘画','http://127.0.0.1:4000/images/art/1588524380865.jpg',5);
INSERT INTO `teacher_articles` VALUES (105,'有趣的气球-气球变身','<div class="dec"><p class="dec_text"></p><img style="width:100%" src="http://127.0.0.1:4000/images/art/1588524323334.jpg" class="dec_img"/><img style="width:100%" src="http://127.0.0.1:4000/images/art/1588524324651.jpg" class="dec_img"/><img style="width:100%" src="http://127.0.0.1:4000/images/art/1588524325935.jpg" class="dec_img"/></div>','创意','http://127.0.0.1:4000/images/art/1588524395380.jpg',5);
INSERT INTO `teacher_articles` VALUES (106,'爱心书签','<div class="dec"><p class="dec_text"></p><img style="width:100%" src="http://127.0.0.1:4000/images/art/1588524323334.jpg" class="dec_img"/><img style="width:100%" src="http://127.0.0.1:4000/images/art/1588524324651.jpg" class="dec_img"/><img style="width:100%" src="http://127.0.0.1:4000/images/art/1588524325935.jpg" class="dec_img"/></div>','手工','http://127.0.0.1:4000/images/art/1588524403812.jpg',5);
INSERT INTO `teacher_articles` VALUES (107,'纸盘工艺——会飞的小蝴蝶','<div class="dec"><p class="dec_text"></p><img style="width:100%" src="http://127.0.0.1:4000/images/art/1588524323334.jpg" class="dec_img"/><img style="width:100%" src="http://127.0.0.1:4000/images/art/1588524324651.jpg" class="dec_img"/><img style="width:100%" src="http://127.0.0.1:4000/images/art/1588524325935.jpg" class="dec_img"/></div>','废物利用','http://127.0.0.1:4000/images/art/1588524415033.jpg',5);
INSERT INTO `teacher_articles` VALUES (108,'艺术体验——秋','<div class="dec"><p class="dec_text"></p><img style="width:100%" src="http://127.0.0.1:4000/images/art/1588524323334.jpg" class="dec_img"/><img style="width:100%" src="http://127.0.0.1:4000/images/art/1588524324651.jpg" class="dec_img"/><img style="width:100%" src="http://127.0.0.1:4000/images/art/1588524325935.jpg" class="dec_img"/></div>','自然','http://127.0.0.1:4000/images/art/1588524431459.jpg',5);
INSERT INTO `teacher_articles` VALUES (109,'水粉画《樱桃》','<div class="dec"><p class="dec_text"></p><img style="width:100%" src="http://127.0.0.1:4000/images/art/1588524323334.jpg" class="dec_img"/><img style="width:100%" src="http://127.0.0.1:4000/images/art/1588524324651.jpg" class="dec_img"/><img style="width:100%" src="http://127.0.0.1:4000/images/art/1588524325935.jpg" class="dec_img"/></div>','水粉','http://127.0.0.1:4000/images/art/1588524438021.jpg',5);
INSERT INTO `teacher_articles` VALUES (110,'棉花球的创作画','<div class="dec"><p class="dec_text"></p><img style="width:100%" src="http://127.0.0.1:4000/images/art/1588524323334.jpg" class="dec_img"/><img style="width:100%" src="http://127.0.0.1:4000/images/art/1588524324651.jpg" class="dec_img"/><img style="width:100%" src="http://127.0.0.1:4000/images/art/1588524325935.jpg" class="dec_img"/></div>','创意','http://127.0.0.1:4000/images/art/1588524464636.jpg',5);
INSERT INTO `teacher_articles` VALUES (111,'可爱的小兔兔','<div class="dec"><p class="dec_text"></p><img style="width:100%" src="http://127.0.0.1:4000/images/art/1588524323334.jpg" class="dec_img"/><img style="width:100%" src="http://127.0.0.1:4000/images/art/1588524324651.jpg" class="dec_img"/><img style="width:100%" src="http://127.0.0.1:4000/images/art/1588524325935.jpg" class="dec_img"/></div>','美工材料','http://127.0.0.1:4000/images/art/1588524470198.jpg',5);
INSERT INTO `teacher_articles` VALUES (112,'白菜根印出来的装饰瓶花','<div class="dec"><p class="dec_text"></p><img style="width:100%" src="http://127.0.0.1:4000/images/art/1588524323334.jpg" class="dec_img"/><img style="width:100%" src="http://127.0.0.1:4000/images/art/1588524324651.jpg" class="dec_img"/><img style="width:100%" src="http://127.0.0.1:4000/images/art/1588524325935.jpg" class="dec_img"/></div>','蔬菜','http://127.0.0.1:4000/images/art/1588524482931.jpg',5);
INSERT INTO `teacher_articles` VALUES (113,'夏天做个青蛙手工吧','<div class="dec"><p class="dec_text"></p><img style="width:100%" src="http://127.0.0.1:4000/images/art/1588524323334.jpg" class="dec_img"/><img style="width:100%" src="http://127.0.0.1:4000/images/art/1588524324651.jpg" class="dec_img"/><img style="width:100%" src="http://127.0.0.1:4000/images/art/1588524325935.jpg" class="dec_img"/></div>','区角活动','http://127.0.0.1:4000/images/art/1588524496002.jpg',5);
INSERT INTO `teacher_articles` VALUES (114,'美术作业分享','<div class="dec"><p class="dec_text"></p><img style="width:100%" src="http://127.0.0.1:4000/images/art/1588524323334.jpg" class="dec_img"/><img style="width:100%" src="http://127.0.0.1:4000/images/art/1588524324651.jpg" class="dec_img"/><img style="width:100%" src="http://127.0.0.1:4000/images/art/1588524325935.jpg" class="dec_img"/></div>','作品展示','http://127.0.0.1:4000/images/art/1588524503534.jpg',5);
INSERT INTO `teacher_articles` VALUES (115,'小班美术活动《美丽的花儿》','<div class="dec"><p class="dec_text"></p><img style="width:100%" src="http://127.0.0.1:4000/images/art/1588524323334.jpg" class="dec_img"/><img style="width:100%" src="http://127.0.0.1:4000/images/art/1588524324651.jpg" class="dec_img"/><img style="width:100%" src="http://127.0.0.1:4000/images/art/1588524325935.jpg" class="dec_img"/></div>','集体活动','http://127.0.0.1:4000/images/art/1588524515092.jpg',5);
INSERT INTO `teacher_articles` VALUES (116,'巧用化妆棉','<div class="dec"><p class="dec_text"></p><img style="width:100%" src="http://127.0.0.1:4000/images/art/1588524323334.jpg" class="dec_img"/><img style="width:100%" src="http://127.0.0.1:4000/images/art/1588524324651.jpg" class="dec_img"/><img style="width:100%" src="http://127.0.0.1:4000/images/art/1588524325935.jpg" class="dec_img"/></div>','创意','http://127.0.0.1:4000/images/art/1588524524571.jpg',5);
INSERT INTO `teacher_articles` VALUES (117,'创意美术','<div class="dec"><p class="dec_text"></p><img style="width:100%" src="http://127.0.0.1:4000/images/art/1588524323334.jpg" class="dec_img"/><img style="width:100%" src="http://127.0.0.1:4000/images/art/1588524324651.jpg" class="dec_img"/><img style="width:100%" src="http://127.0.0.1:4000/images/art/1588524325935.jpg" class="dec_img"/></div>','美工材料','http://127.0.0.1:4000/images/art/1588524533653.jpg',5);
INSERT INTO `teacher_articles` VALUES (118,'小班美术活动《美丽的泡泡》','<div class="dec"><p class="dec_text"></p><img style="width:100%" src="http://127.0.0.1:4000/images/art/1588524323334.jpg" class="dec_img"/><img style="width:100%" src="http://127.0.0.1:4000/images/art/1588524324651.jpg" class="dec_img"/><img style="width:100%" src="http://127.0.0.1:4000/images/art/1588524325935.jpg" class="dec_img"/></div>','教案','http://127.0.0.1:4000/images/art/1588524540757.jpg',5);
INSERT INTO `teacher_articles` VALUES (119,'晕染蝴蝶（纸巾）','<div class="dec"><p class="dec_text"></p><img style="width:100%" src="http://127.0.0.1:4000/images/art/1588524323334.jpg" class="dec_img"/><img style="width:100%" src="http://127.0.0.1:4000/images/art/1588524324651.jpg" class="dec_img"/><img style="width:100%" src="http://127.0.0.1:4000/images/art/1588524325935.jpg" class="dec_img"/></div>','艺术活动','http://127.0.0.1:4000/images/art/1588573636645.jpg',5);
INSERT INTO `teacher_articles` VALUES (120,'星空','<div class="dec"><p class="dec_text"></p><img style="width:100%" src="http://127.0.0.1:4000/images/art/1588524323334.jpg" class="dec_img"/><img style="width:100%" src="http://127.0.0.1:4000/images/art/1588524324651.jpg" class="dec_img"/><img style="width:100%" src="http://127.0.0.1:4000/images/art/1588524325935.jpg" class="dec_img"/></div>','水粉','http://127.0.0.1:4000/images/art/1588573706157.jpg',5);
INSERT INTO `teacher_articles` VALUES (121,'凹凸版画（相反国系列作品）','<div class="dec"><p class="dec_text"></p><img style="width:100%" src="http://127.0.0.1:4000/images/art/1588524323334.jpg" class="dec_img"/><img style="width:100%" src="http://127.0.0.1:4000/images/art/1588524324651.jpg" class="dec_img"/><img style="width:100%" src="http://127.0.0.1:4000/images/art/1588524325935.jpg" class="dec_img"/></div>','艺术活动','http://127.0.0.1:4000/images/art/1588573789322.jpg',5);
INSERT INTO `teacher_articles` VALUES (122,'汇报作品《那夜里，很美》','<div class="dec"><p class="dec_text"></p><img style="width:100%" src="http://127.0.0.1:4000/images/art/1588524323334.jpg" class="dec_img"/><img style="width:100%" src="http://127.0.0.1:4000/images/art/1588524324651.jpg" class="dec_img"/><img style="width:100%" src="http://127.0.0.1:4000/images/art/1588524325935.jpg" class="dec_img"/></div>','作品欣赏','http://127.0.0.1:4000/images/art/1588524580289.jpg',5);
INSERT INTO `teacher_articles` VALUES (123,'春暖花开','<div class="dec"><p class="dec_text"></p><img style="width:100%" src="http://127.0.0.1:4000/images/art/1588524323334.jpg" class="dec_img"/><img style="width:100%" src="http://127.0.0.1:4000/images/art/1588524324651.jpg" class="dec_img"/><img style="width:100%" src="http://127.0.0.1:4000/images/art/1588524325935.jpg" class="dec_img"/></div>','手指画颜料','http://127.0.0.1:4000/images/art/1588524592214.jpg',5);

-- 课程
CREATE TABLE `large_classes` (
  `id` smallint(5) unsigned NOT NULL AUTO_INCREMENT,
  `large_classes_name` varchar(45) NOT NULL,
  `large_classes_info` varchar(45) NOT NULL,
  PRIMARY KEY (`id`)
) ENGINE=InnoDB;


-- 插入多行记录

INSERT INTO `large_classes` VALUES (1,'星期一','large_Monday'),(2,'星期二','large_Tuesday'),(3,'星期三','large_Wednesday'),(4,'星期四','large_Thursday'),(5,'星期五','large_Friday');


CREATE TABLE `large_classes_detail` (
  `id` int(10) unsigned NOT NULL AUTO_INCREMENT,
  `course_title` varchar(50) NOT NULL,
  `course_time` varchar(50) NOT NULL,
  `course_teacher` varchar(50) NOT NULL,
  `course_type` varchar(50) NOT NULL,
  `course_target` varchar(1020) DEFAULT NULL,
  `large_classes_id` smallint(5) unsigned NOT NULL,
  PRIMARY KEY (`id`)
) ENGINE=InnoDB;

-- 插入数据
INSERT INTO `large_classes_detail` VALUES (1,'我班有个小问号','30min','俏俏老师','教育活动','学习儿歌<br><br>感受主人公爱学习动脑筋的形象特点',1);
INSERT INTO `large_classes_detail` VALUES (2,'我的问题','25min','茜茜公主','教育活动','学习用绘画的方法表达自己的问题<br><br>能大胆构图',1);
INSERT INTO `large_classes_detail` VALUES (3,'哈哈镜','30min','新新老师','游戏','发展幼儿的灵敏素质',1);
INSERT INTO `large_classes_detail` VALUES (4,'小动物接力赛','40min','璐璐老师','室内外游戏','模仿动物的跑跳动作<br><br>体验集体游戏的快乐',1);
INSERT INTO `large_classes_detail` VALUES (5,'区角游戏小超市','20min','茜茜公主','室内外游戏','鼓励幼儿大胆尝试',1);
INSERT INTO `large_classes_detail` VALUES (6,'大家来做小问号','30min','俏俏老师','教育活动','能积极主动参加小问号活动<br><br>增强求知欲与好奇心',2);
INSERT INTO `large_classes_detail` VALUES (7,'为什么','25min','茜茜公主','教育活动','学会歌曲<br><br>会用提问的语气唱并常准附点',2);
INSERT INTO `large_classes_detail` VALUES (8,'遥控机器人','30min','新新老师','游戏','发展幼儿向前向后走的能力',2);
INSERT INTO `large_classes_detail` VALUES (9,'摆积木','40min','璐璐老师','室内外游戏','培养幼儿的想象力',2);
INSERT INTO `large_classes_detail` VALUES (10,'切西瓜','20min','茜茜公主','室内外游戏','培养幼儿绕圈跑的能力',2);
INSERT INTO `large_classes_detail` VALUES (11,'我们提的问题','30min','俏俏老师','教育活动','学习布置小问号专栏<br><br>尝试把问题进行分类',3);
INSERT INTO `large_classes_detail` VALUES (12,'小问号探宝','25min','茜茜公主','教育活动','练习负重过障碍物，锻炼耐力<br><br>有勇气克服困难的精神',3);
INSERT INTO `large_classes_detail` VALUES (13,'看书','30min','新新老师','游戏','教育幼儿安静看书',3);
INSERT INTO `large_classes_detail` VALUES (14,'跳圈','40min','璐璐老师','室内外游戏','培养幼儿的协调能力',3);
INSERT INTO `large_classes_detail` VALUES (15,'折纸','20min','茜茜公主','室内外游戏','会看图折纸',3);
INSERT INTO `large_classes_detail` VALUES (16,'人们怎样传递信息','30min','俏俏老师','教育活动','会采用查阅资料互相交谈等方法<br><br>了解人们如何传递信息',4);
INSERT INTO `large_classes_detail` VALUES (17,'运动后身体有什么变化','25min','茜茜公主','教育活动','了解不同运动会带来身体不同的变化<br><br>学会记录',4);
INSERT INTO `large_classes_detail` VALUES (18,'转身接物','30min','新新老师','游戏','会自转一圈接住抛来的物体',4);
INSERT INTO `large_classes_detail` VALUES (19,'击鼓传花','40min','璐璐老师','室内外游戏','培养幼儿的机制灵敏性',4);
INSERT INTO `large_classes_detail` VALUES (20,'熊和石头人','20min','茜茜公主','室内外游戏','能较好的控制自己的行为',4);
INSERT INTO `large_classes_detail` VALUES (21,'二等分和四等分','30min','俏俏老师','教育活动','学习用折剪的方法将平面图形二等分、四等分',5);
INSERT INTO `large_classes_detail` VALUES (22,'嘴巴和我开玩笑','25min','茜茜公主','教育活动','尝试大胆运用线条夸张的表现嘴巴各种不同的样子',5);
INSERT INTO `large_classes_detail` VALUES (23,'人枪虎','30min','新新老师','游戏','提高快跑能力，注意奔跑时的安全',5);
INSERT INTO `large_classes_detail` VALUES (24,'滚铁环','40min','璐璐老师','室内外游戏','培养幼儿的协调能力',5);
INSERT INTO `large_classes_detail` VALUES (25,'区角游戏小医院','20min','茜茜公主','室内外游戏','学会情景表演',5);

-- 中班
CREATE TABLE `middle_classes` (
  `id` smallint(5) unsigned NOT NULL AUTO_INCREMENT,
  `middle_classes_name` varchar(45) NOT NULL,
  `middle_classes_info` varchar(45) NOT NULL,
  PRIMARY KEY (`id`)
) ENGINE=InnoDB;


-- 插入多行记录

INSERT INTO `middle_classes` VALUES (1,'星期一','middle_Monday'),(2,'星期二','middle_Tuesday'),(3,'星期三','middle_Wednesday'),(4,'星期四','middle_Thursday'),(5,'星期五','middle_Friday');


CREATE TABLE `middle_classes_detail` (
  `id` int(10) unsigned NOT NULL AUTO_INCREMENT,
  `course_title` varchar(50) NOT NULL,
  `course_time` varchar(50) NOT NULL,
  `course_teacher` varchar(50) NOT NULL,
  `course_type` varchar(50) NOT NULL,
  `course_target` varchar(1020) DEFAULT NULL,
  `middle_classes_id` smallint(5) unsigned NOT NULL,
  PRIMARY KEY (`id`)
) ENGINE=InnoDB;

-- 插入数据
INSERT INTO `middle_classes_detail` VALUES (1,'微笑','20min','俏俏老师','教育活动','尝试用微笑等体态语言与人交往',1);
INSERT INTO `middle_classes_detail` VALUES (2,'小看戏','25min','茜茜公主','教育活动','学习用打击乐器随乐奏演<br><br>掌握打击乐的节奏',1);
INSERT INTO `middle_classes_detail` VALUES (3,'走大鞋','30min','新新老师','游戏','练习走大鞋<br><br>锻炼幼儿的平衡与协调力',1);
INSERT INTO `middle_classes_detail` VALUES (4,'摆积木','40min','璐璐老师','室内外游戏','发挥想象力<br><br>拼摆好各种物体',1);
INSERT INTO `middle_classes_detail` VALUES (5,'有趣的铁环','30min','茜茜公主','室内外游戏','培养幼儿的独创性，灵活性',1);
INSERT INTO `middle_classes_detail` VALUES (6,'兔宝宝找快乐','20min','俏俏老师','教育活动','理解故事内容<br><br>体验助人的快乐',2);
INSERT INTO `middle_classes_detail` VALUES (7,'玩跳圈','25min','茜茜公主','教育活动','学习用多种方法玩圈<br><br>使各项能力都能得到发展',2);
INSERT INTO `middle_classes_detail` VALUES (8,'快乐的木头人','30min','新新老师','游戏','培养幼儿的反应能力<br><br>鼓励幼儿乐意参与活动',2);
INSERT INTO `middle_classes_detail` VALUES (9,'区角游戏','40min','璐璐老师','室内外游戏','通过各种游戏来培养幼儿的兴趣',2);
INSERT INTO `middle_classes_detail` VALUES (10,'玩轮胎','20min','茜茜公主','室内外游戏','发展幼儿的协调性，创新性',2);
INSERT INTO `middle_classes_detail` VALUES (11,'开心帽与生气包','20min','俏俏老师','教育活动','愿意用语言讲述过去发生的情绪事件',3);
INSERT INTO `middle_classes_detail` VALUES (12,'开心帽','25min','茜茜公主','教育活动','选不同材料制作<br><br>乐意与同伴交流自己的心情',3);
INSERT INTO `middle_classes_detail` VALUES (13,'玩纸板','30min','新新老师','游戏','培养幼儿勇敢团结合作的精神',3);
INSERT INTO `middle_classes_detail` VALUES (14,'水果娃娃','40min','璐璐老师','室内外游戏','锻炼幼儿的反应力<br><br>乐意配合教师玩游戏',3);
INSERT INTO `middle_classes_detail` VALUES (15,'小白兔','20min','茜茜公主','室内外游戏','练习双脚并拢进行跳',3);
INSERT INTO `middle_classes_detail` VALUES (16,'会变的脸','20min','俏俏老师','教育活动','知道人脸部表情能表示不同的情绪<br><br>大胆想象和创造',4);
INSERT INTO `middle_classes_detail` VALUES (17,'我和你不同','25min','茜茜公主','教育活动','愿意主动与人交往<br><br>会描述朋友特征',4);
INSERT INTO `middle_classes_detail` VALUES (18,'快乐的袋鼠','30min','新新老师','游戏','发展幼儿协调能力<br>增强其腿部肌肉力量',4);
INSERT INTO `middle_classes_detail` VALUES (19,'吹泡泡','40min','璐璐老师','室内外游戏','发扬合作精神<br><br>体验合作带来的快乐',4);
INSERT INTO `middle_classes_detail` VALUES (20,'小小运粮队','20min','茜茜公主','室内外游戏','培养幼儿合作意识及克服困难',4);
INSERT INTO `middle_classes_detail` VALUES (21,'连连看','20min','俏俏老师','教育活动','能按顺序连线<br><br>感知相邻数之间相差1的关系',5);
INSERT INTO `middle_classes_detail` VALUES (22,'我用筷子吃饭','25min','茜茜公主','教育活动','会用筷子吃饭<br><br>初步掌握筷子的正确使用方法',5);
INSERT INTO `middle_classes_detail` VALUES (23,'滚轮胎','30min','新新老师','游戏','练习绕过障碍物滚轮胎',5);
INSERT INTO `middle_classes_detail` VALUES (24,'跳房子','40min','璐璐老师','室内外游戏','练习单脚跳，夹包跳',5);
INSERT INTO `middle_classes_detail` VALUES (25,'过积木桥','20min','茜茜公主','室内外游戏','会在间隔摆放了积木',5);

-- 小班
CREATE TABLE `small_classes` (
  `id` smallint(5) unsigned NOT NULL AUTO_INCREMENT,
  `small_classes_name` varchar(45) NOT NULL,
  `small_classes_info` varchar(45) NOT NULL,
  PRIMARY KEY (`id`)
) ENGINE=InnoDB;


-- 插入多行记录

INSERT INTO `small_classes` VALUES (1,'星期一','small_Monday'),(2,'星期二','small_Tuesday'),(3,'星期三','small_Wednesday'),(4,'星期四','small_Thursday'),(5,'星期五','small_Friday');


CREATE TABLE `small_classes_detail` (
  `id` int(10) unsigned NOT NULL AUTO_INCREMENT,
  `course_title` varchar(50) NOT NULL,
  `course_time` varchar(50) NOT NULL,
  `course_teacher` varchar(50) NOT NULL,
  `course_type` varchar(50) NOT NULL,
  `course_target` varchar(1020) DEFAULT NULL,
  `small_classes_id` smallint(5) unsigned NOT NULL,
  PRIMARY KEY (`id`)
) ENGINE=InnoDB;

-- 插入数据
INSERT INTO `small_classes_detail` VALUES (1,'尾巴妙用多','15min','俏俏老师','教育活动','初步了解动物尾巴的功能',1);
INSERT INTO `small_classes_detail` VALUES (2,'拉个圈圈走走','15min','新新老师','游戏','能根据儿歌游戏，注意安全',1);
INSERT INTO `small_classes_detail` VALUES (3,'动物的手','15min','璐璐老师','教学活动','了解不同动物手的功能',1);
INSERT INTO `small_classes_detail` VALUES (4,'我说你猜，我做你猜','15min','茜茜公主','教育活动','在猜谜游戏中，学习推测和判断',2);
INSERT INTO `small_classes_detail` VALUES (5,'小青蛙跳荷叶','30min','新新老师','游戏','能够双脚着地跳',2);
INSERT INTO `small_classes_detail` VALUES (6,'小乌龟','40min','璐璐老师','教学活动','学唱歌曲<br><br>能根据歌曲内容做动作',2);
INSERT INTO `small_classes_detail` VALUES (7,'玩具回家了','20min','俏俏老师','教育活动','根据听出来的点数(4以内)，拿相应数量的物体',3);
INSERT INTO `small_classes_detail` VALUES (8,'快乐滑梯','30min','新新老师','游戏','能和小朋友有序玩耍<br><br>体验活动带来的快乐',3);
INSERT INTO `small_classes_detail` VALUES (9,'动物保姆','40min','璐璐老师','教学活动','初步了解照顾动物的方法',3);
INSERT INTO `small_classes_detail` VALUES (10,'爱护动物朋友','20min','俏俏老师','教育活动','知道保护动物的常见方法',4);
INSERT INTO `small_classes_detail` VALUES (11,'我们都是木头人','30min','新新老师','游戏','理解儿歌<br><br>能根据儿歌的内容做相应的动作',4);
INSERT INTO `small_classes_detail` VALUES (12,'摸耳朵','20min','茜茜公主','教学活动','学唱歌曲<br><br>并能按歌曲内容游戏',4);
INSERT INTO `small_classes_detail` VALUES (13,'动物的家','20min','俏俏老师','教育活动','尝试添画<br><br>并能给图画涂上漂亮的颜色',5);
INSERT INTO `small_classes_detail` VALUES (14,'赶小猪','30min','新新老师','游戏','有目标的推动小球',5);
INSERT INTO `small_classes_detail` VALUES (15,'复习','40min','璐璐老师','教学活动','回顾一周所学',5);

-- 推荐绘本 （1.推荐新书 2.绘本-a.小班绘本 b.中班绘本c.大班绘本d.推荐绘本3.大家都在看4.家长用书）

-- 1.推荐新书
CREATE TABLE `books_newbook` (
  `nid` int(10) unsigned NOT NULL AUTO_INCREMENT,  /*新书编号*/
  `front_cover` varchar(120) NOT NULL, /*封面图片*/
  `book_title` varchar(120) NOT NULL, /*图书标题*/
  `book_price`  double(5,2) NOT NULL,  /*定价*/
  `serve` varchar(50) NULL, /*服务*/
  `book_name` varchar(50) NOT NULL, /*图书名称*/
  `book_author` varchar(50) NOT NULL, /*图书作者*/
  `publication_time` varchar(50) DEFAULT NULL, /* 出版时间*/
  `author_recommendation` varchar(1020) DEFAULT NULL,/* 作者推荐*/
  `author_introduction` varchar(1020) DEFAULT NULL, /*作者简介*/
  `book_introduction` varchar(1020) DEFAULT NULL, /*图书简介*/
  `some_pictures` varchar(520) DEFAULT NULL, /* 图书部分图片*/
  PRIMARY KEY (`nid`)
) ENGINE=InnoDB;

-- 插入数据
INSERT INTO `books_newbook` VALUES (1,'http://127.0.0.1:4000/images/front_cover/IMG_20200512_131213.jpg','[首发]《幼儿园区域活动68问》董旭花著(机构自营)','45.00',NULL,'幼儿园区域活动68问','董旭花','2020年02月','1.董旭花教授全新力作，多年幼儿园区域活动研究沉淀。<br><br>2.董旭花教授在常年的区域活动研究中，走访了全国各地很多幼儿园，收集了老师们关于区域活动实施中遇到的问题千万个。本书的68个问题就是从中精选而来的。问题真实，代表一线教师的真实困惑。<br><br>3.全书以问答形式写成，董旭花教授深度解读每一个幼师面临的问题','董旭花，山东女子学院教授，享受国务院政府特殊津贴专家。中国学前教育研究会理事、游戏专委会委员，山东省第五届省级教学名师。主要研究幼儿园游戏与课程、教师专业发展。教授的《幼儿园游戏》课程被教育部评为国家级精品课程。幼儿园区域活动研究成果获得国家级教学成果二等奖，山东省省级教学成果一等奖。出版《幼儿园游戏》《小区域 大学问——幼儿园区域环境建设与活动指导》《幼儿园自主性游戏区域活动指导》《幼儿园传造性游戏区域活动指导》等学术专著15部','董旭花教授在长期的幼儿园区域活动研究中，走访了全国各地很多幼儿园，收集了老师们关于区域活动实施中遇到的问题上千个。本书的68个问题就是从中精选而来的。<br><br>本书共四章，包含“重新认识区域活动”“区域环境的创设材料投放”“区域活动的组织与指导”“区域活动的观察与评价”。全书以问答形式展开，详细解答了幼儿教师在区域活动中遇到的问题，有助于提升幼儿教师开展区域活动的能力','http://127.0.0.1:4000/images/details/IMG_20200512_133335.jpg,http://127.0.0.1:4000/images/details/IMG_20200512_133344.jpg,images/details/IMG_20200512_133352.jpg,http://127.0.0.1:4000/images/details/IMG_20200512_133402.jpg');
INSERT INTO `books_newbook` VALUES (2,'http://127.0.0.1:4000/images/front_cover/IMG_20200512_131213.jpg','[首发]与幼儿对话-这样说，孩子更开心 卢中洁 译 (机构自营)','48.00',NULL,'幼儿园区域活动68问','董旭花','2020年02月','1.董旭花教授全新力作，多年幼儿园区域活动研究沉淀。<br><br>2.董旭花教授在常年的区域活动研究中，走访了全国各地很多幼儿园，收集了老师们关于区域活动实施中遇到的问题千万个。本书的68个问题就是从中精选而来的。问题真实，代表一线教师的真实困惑。<br><br>3.全书以问答形式写成，董旭花教授深度解读每一个幼师面临的问题','董旭花，山东女子学院教授，享受国务院政府特殊津贴专家。中国学前教育研究会理事、游戏专委会委员，山东省第五届省级教学名师。主要研究幼儿园游戏与课程、教师专业发展。教授的《幼儿园游戏》课程被教育部评为国家级精品课程。幼儿园区域活动研究成果获得国家级教学成果二等奖，山东省省级教学成果一等奖。出版《幼儿园游戏》《小区域 大学问——幼儿园区域环境建设与活动指导》《幼儿园自主性游戏区域活动指导》《幼儿园传造性游戏区域活动指导》等学术专著15部','董旭花教授在长期的幼儿园区域活动研究中，走访了全国各地很多幼儿园，收集了老师们关于区域活动实施中遇到的问题上千个。本书的68个问题就是从中精选而来的。<br><br>本书共四章，包含“重新认识区域活动”“区域环境的创设材料投放”“区域活动的组织与指导”“区域活动的观察与评价”。全书以问答形式展开，详细解答了幼儿教师在区域活动中遇到的问题，有助于提升幼儿教师开展区域活动的能力','http://127.0.0.1:4000/images/details/IMG_20200512_133335.jpg,http://127.0.0.1:4000/images/details/IMG_20200512_133344.jpg,http://127.0.0.1:4000/images/details/IMG_20200512_133352.jpg,http://127.0.0.1:4000/images/details/IMG_20200512_133402.jpg');
INSERT INTO `books_newbook` VALUES (3,'http://127.0.0.1:4000/images/front_cover/IMG_20200512_131213.jpg','[全网独家]玩味自然-幼儿园二十四节气体验课程 张秀英 编著(机构自营)','45.00',NULL,'幼儿园区域活动68问','董旭花','2020年02月','1.董旭花教授全新力作，多年幼儿园区域活动研究沉淀。<br><br>2.董旭花教授在常年的区域活动研究中，走访了全国各地很多幼儿园，收集了老师们关于区域活动实施中遇到的问题千万个。本书的68个问题就是从中精选而来的。问题真实，代表一线教师的真实困惑。<br><br>3.全书以问答形式写成，董旭花教授深度解读每一个幼师面临的问题','董旭花，山东女子学院教授，享受国务院政府特殊津贴专家。中国学前教育研究会理事、游戏专委会委员，山东省第五届省级教学名师。主要研究幼儿园游戏与课程、教师专业发展。教授的《幼儿园游戏》课程被教育部评为国家级精品课程。幼儿园区域活动研究成果获得国家级教学成果二等奖，山东省省级教学成果一等奖。出版《幼儿园游戏》《小区域 大学问——幼儿园区域环境建设与活动指导》《幼儿园自主性游戏区域活动指导》《幼儿园传造性游戏区域活动指导》等学术专著15部','董旭花教授在长期的幼儿园区域活动研究中，走访了全国各地很多幼儿园，收集了老师们关于区域活动实施中遇到的问题上千个。本书的68个问题就是从中精选而来的。<br><br>本书共四章，包含“重新认识区域活动”“区域环境的创设材料投放”“区域活动的组织与指导”“区域活动的观察与评价”。全书以问答形式展开，详细解答了幼儿教师在区域活动中遇到的问题，有助于提升幼儿教师开展区域活动的能力','http://127.0.0.1:4000/images/details/IMG_20200512_133335.jpg,http://127.0.0.1:4000/images/details/IMG_20200512_133344.jpg,http://127.0.0.1:4000/images/details/IMG_20200512_133352.jpg,http://127.0.0.1:4000/images/details/IMG_20200512_133402.jpg');


-- 2.绘本+小中大班绘本
CREATE TABLE `picture_books` (
  `pid` int(10) unsigned NOT NULL AUTO_INCREMENT,  /*绘本编号*/
  `book_price`  double(5,2) NOT NULL,  /*定价*/
  `picture` varchar(120) NOT NULL, /*界面图片*/
  `front_cover` varchar(1020) NOT NULL, /*封面轮播图片*/
  `book_title` varchar(120) NOT NULL, /*图书标题*/
  `serve` varchar(50) NOT NULL, /*服务*/
  `some_pictures` varchar(1020) DEFAULT NULL, /* 图书部分图片*/
  `kind_id` varchar(50) NOT NULL, /* 所属类别 */
  PRIMARY KEY (`pid`)
) ENGINE=InnoDB;

-- 插入数据
INSERT INTO `picture_books` VALUES (1,'23.99','http://127.0.0.1:4000/images/front_cover/IMG_20200512_180629.jpg','http://127.0.0.1:4000/images/front_cover/IMG_20200512_180629.jpg,http://127.0.0.1:4000/images/front_cover/IMG_20200512_180719.jpg,http://127.0.0.1:4000/images/front_cover/IMG_20200512_180727.jpg,http://127.0.0.1:4000/images/front_cover/IMG_20200512_180743.jpg,http://127.0.0.1:4000/images/front_cover/IMG_20200512_180750.jpg,http://127.0.0.1:4000/images/front_cover/IMG_20200512_180712.jpg','《生命的奇迹》(全6册)(北京2号仓)','收货后结算·快递发货','http://127.0.0.1:4000/images/details/IMG_20200512_180928.jpg,http://127.0.0.1:4000/images/details/IMG_20200512_133402.jpg','recommend');
INSERT INTO `picture_books` VALUES (2,'23.99','http://127.0.0.1:4000/images/front_cover/IMG_20200512_180629.jpg','http://127.0.0.1:4000/images/front_cover/IMG_20200512_180629.jpg,http://127.0.0.1:4000/images/front_cover/IMG_20200512_180719.jpg,http://127.0.0.1:4000/images/front_cover/IMG_20200512_180727.jpg,http://127.0.0.1:4000/images/front_cover/IMG_20200512_180743.jpg,http://127.0.0.1:4000/images/front_cover/IMG_20200512_180750.jpg,http://127.0.0.1:4000/images/front_cover/IMG_20200512_180712.jpg','《生命的奇迹》(全6册)(北京2号仓)','收货后结算·快递发货','http://127.0.0.1:4000/images/details/IMG_20200512_180928.jpg,http://127.0.0.1:4000/images/details/IMG_20200512_133402.jpg','recommend');
INSERT INTO `picture_books` VALUES (3,'23.99','http://127.0.0.1:4000/images/front_cover/IMG_20200512_180629.jpg','http://127.0.0.1:4000/images/front_cover/IMG_20200512_180629.jpg,http://127.0.0.1:4000/images/front_cover/IMG_20200512_180719.jpg,http://127.0.0.1:4000/images/front_cover/IMG_20200512_180727.jpg,http://127.0.0.1:4000/images/front_cover/IMG_20200512_180743.jpg,http://127.0.0.1:4000/images/front_cover/IMG_20200512_180750.jpg,http://127.0.0.1:4000/images/front_cover/IMG_20200512_180712.jpg','《生命的奇迹》(全6册)(北京2号仓)','收货后结算·快递发货','http://127.0.0.1:4000/images/details/IMG_20200512_180928.jpg,http://127.0.0.1:4000/images/details/IMG_20200512_133402.jpg','recommend');
INSERT INTO `picture_books` VALUES (4,'23.99','http://127.0.0.1:4000/images/front_cover/IMG_20200512_180629.jpg','http://127.0.0.1:4000/images/front_cover/IMG_20200512_180629.jpg,http://127.0.0.1:4000/images/front_cover/IMG_20200512_180719.jpg,http://127.0.0.1:4000/images/front_cover/IMG_20200512_180727.jpg,http://127.0.0.1:4000/images/front_cover/IMG_20200512_180743.jpg,http://127.0.0.1:4000/images/front_cover/IMG_20200512_180750.jpg,http://127.0.0.1:4000/images/front_cover/IMG_20200512_180712.jpg','《生命的奇迹》(全6册)(北京2号仓)','收货后结算·快递发货','http://127.0.0.1:4000/images/details/IMG_20200512_180928.jpg,http://127.0.0.1:4000/images/details/IMG_20200512_133402.jpg','recommend');
INSERT INTO `picture_books` VALUES (5,'23.99','http://127.0.0.1:4000/images/front_cover/IMG_20200512_180629.jpg','http://127.0.0.1:4000/images/front_cover/IMG_20200512_180629.jpg,http://127.0.0.1:4000/images/front_cover/IMG_20200512_180719.jpg,http://127.0.0.1:4000/images/front_cover/IMG_20200512_180727.jpg,http://127.0.0.1:4000/images/front_cover/IMG_20200512_180743.jpg,http://127.0.0.1:4000/images/front_cover/IMG_20200512_180750.jpg,http://127.0.0.1:4000/images/front_cover/IMG_20200512_180712.jpg','《生命的奇迹》(全6册)(北京2号仓)','收货后结算·快递发货','http://127.0.0.1:4000/images/details/IMG_20200512_180928.jpg,http://127.0.0.1:4000/images/details/IMG_20200512_133402.jpg','recommend');
INSERT INTO `picture_books` VALUES (6,'23.99','http://127.0.0.1:4000/images/front_cover/IMG_20200512_180629.jpg','http://127.0.0.1:4000/images/front_cover/IMG_20200512_180629.jpg,http://127.0.0.1:4000/images/front_cover/IMG_20200512_180719.jpg,http://127.0.0.1:4000/images/front_cover/IMG_20200512_180727.jpg,http://127.0.0.1:4000/images/front_cover/IMG_20200512_180743.jpg,http://127.0.0.1:4000/images/front_cover/IMG_20200512_180750.jpg,http://127.0.0.1:4000/images/front_cover/IMG_20200512_180712.jpg','《生命的奇迹》(全6册)(北京2号仓)','收货后结算·快递发货','http://127.0.0.1:4000/images/details/IMG_20200512_180928.jpg,http://127.0.0.1:4000/images/details/IMG_20200512_133402.jpg','recommend');
INSERT INTO `picture_books` VALUES (7,'23.99','http://127.0.0.1:4000/images/front_cover/IMG_20200509_095605.jpg','http://127.0.0.1:4000/images/front_cover/IMG_20200509_095605.jpg,http://127.0.0.1:4000/images/front_cover/IMG_20200509_095615.jpg,http://127.0.0.1:4000/images/front_cover/IMG_20200509_095623.jpg,http://127.0.0.1:4000/images/front_cover/IMG_20200509_095630.jpg,http://127.0.0.1:4000/images/front_cover/IMG_20200509_095640.jpg','[日本绘本奖]月亮的味道 HLDD','收货后结算·快递发货','http://127.0.0.1:4000/images/details/IMG_20200509_095649.jpg,http://127.0.0.1:4000/images/details/IMG_20200509_095659.jpg,http://127.0.0.1:4000/images/details/IMG_20200509_095713.jpg,http://127.0.0.1:4000/images/details/IMG_20200509_095721.jpg,http://127.0.0.1:4000/images/details/IMG_20200509_095730.jpg,http://127.0.0.1:4000/images/details/IMG_20200509_095807.jpg,http://127.0.0.1:4000/images/details/IMG_20200509_095819.jpg,http://127.0.0.1:4000/images/details/IMG_20200509_095845.jpg,images/details/IMG_20200509_095852.jpg,http://127.0.0.1:4000/images/details/IMG_20200509_095902.jpg,images/details/IMG_20200509_095909.jpg,http://127.0.0.1:4000/images/details/IMG_20200509_095917.jpg,images/details/IMG_20200509_095932.jpg,http://127.0.0.1:4000/images/details/IMG_20200512_133402.jpg','small');
INSERT INTO `picture_books` VALUES (8,'23.99','http://127.0.0.1:4000/images/front_cover/IMG_20200509_095605.jpg','http://127.0.0.1:4000/images/front_cover/IMG_20200509_095605.jpg,http://127.0.0.1:4000/images/front_cover/IMG_20200509_095615.jpg,http://127.0.0.1:4000/images/front_cover/IMG_20200509_095623.jpg,http://127.0.0.1:4000/images/front_cover/IMG_20200509_095630.jpg,http://127.0.0.1:4000/images/front_cover/IMG_20200509_095640.jpg','[日本绘本奖]月亮的味道 HLDD','收货后结算·快递发货','http://127.0.0.1:4000/images/details/IMG_20200509_095649.jpg,http://127.0.0.1:4000/images/details/IMG_20200509_095659.jpg,http://127.0.0.1:4000/images/details/IMG_20200509_095713.jpg,http://127.0.0.1:4000/images/details/IMG_20200509_095721.jpg,http://127.0.0.1:4000/images/details/IMG_20200509_095730.jpg,http://127.0.0.1:4000/images/details/IMG_20200509_095807.jpg,http://127.0.0.1:4000/images/details/IMG_20200509_095819.jpg,http://127.0.0.1:4000/images/details/IMG_20200509_095845.jpg,images/details/IMG_20200509_095852.jpg,http://127.0.0.1:4000/images/details/IMG_20200509_095902.jpg,images/details/IMG_20200509_095909.jpg,http://127.0.0.1:4000/images/details/IMG_20200509_095917.jpg,images/details/IMG_20200509_095932.jpg,http://127.0.0.1:4000/images/details/IMG_20200512_133402.jpg','small');
INSERT INTO `picture_books` VALUES (9,'23.99','http://127.0.0.1:4000/images/front_cover/IMG_20200509_095605.jpg','http://127.0.0.1:4000/images/front_cover/IMG_20200509_095605.jpg,http://127.0.0.1:4000/images/front_cover/IMG_20200509_095615.jpg,http://127.0.0.1:4000/images/front_cover/IMG_20200509_095623.jpg,http://127.0.0.1:4000/images/front_cover/IMG_20200509_095630.jpg,http://127.0.0.1:4000/images/front_cover/IMG_20200509_095640.jpg','[日本绘本奖]月亮的味道 HLDD','收货后结算·快递发货','http://127.0.0.1:4000/images/details/IMG_20200509_095649.jpg,http://127.0.0.1:4000/images/details/IMG_20200509_095659.jpg,http://127.0.0.1:4000/images/details/IMG_20200509_095713.jpg,http://127.0.0.1:4000/images/details/IMG_20200509_095721.jpg,http://127.0.0.1:4000/images/details/IMG_20200509_095730.jpg,http://127.0.0.1:4000/images/details/IMG_20200509_095807.jpg,http://127.0.0.1:4000/images/details/IMG_20200509_095819.jpg,http://127.0.0.1:4000/images/details/IMG_20200509_095845.jpg,images/details/IMG_20200509_095852.jpg,http://127.0.0.1:4000/images/details/IMG_20200509_095902.jpg,images/details/IMG_20200509_095909.jpg,http://127.0.0.1:4000/images/details/IMG_20200509_095917.jpg,images/details/IMG_20200509_095932.jpg,http://127.0.0.1:4000/images/details/IMG_20200512_133402.jpg','small');
INSERT INTO `picture_books` VALUES (10,'23.99','http://127.0.0.1:4000/images/front_cover/IMG_20200509_095605.jpg','http://127.0.0.1:4000/images/front_cover/IMG_20200509_095605.jpg,http://127.0.0.1:4000/images/front_cover/IMG_20200509_095615.jpg,http://127.0.0.1:4000/images/front_cover/IMG_20200509_095623.jpg,http://127.0.0.1:4000/images/front_cover/IMG_20200509_095630.jpg,http://127.0.0.1:4000/images/front_cover/IMG_20200509_095640.jpg','[日本绘本奖]月亮的味道 HLDD','收货后结算·快递发货','http://127.0.0.1:4000/images/details/IMG_20200509_095649.jpg,http://127.0.0.1:4000/images/details/IMG_20200509_095659.jpg,http://127.0.0.1:4000/images/details/IMG_20200509_095713.jpg,http://127.0.0.1:4000/images/details/IMG_20200509_095721.jpg,http://127.0.0.1:4000/images/details/IMG_20200509_095730.jpg,http://127.0.0.1:4000/images/details/IMG_20200509_095807.jpg,http://127.0.0.1:4000/images/details/IMG_20200509_095819.jpg,http://127.0.0.1:4000/images/details/IMG_20200509_095845.jpg,images/details/IMG_20200509_095852.jpg,http://127.0.0.1:4000/images/details/IMG_20200509_095902.jpg,images/details/IMG_20200509_095909.jpg,http://127.0.0.1:4000/images/details/IMG_20200509_095917.jpg,images/details/IMG_20200509_095932.jpg,http://127.0.0.1:4000/images/details/IMG_20200512_133402.jpg','small');
INSERT INTO `picture_books` VALUES (11,'23.99','http://127.0.0.1:4000/images/front_cover/IMG_20200509_095605.jpg','http://127.0.0.1:4000/images/front_cover/IMG_20200509_095605.jpg,http://127.0.0.1:4000/images/front_cover/IMG_20200509_095615.jpg,http://127.0.0.1:4000/images/front_cover/IMG_20200509_095623.jpg,http://127.0.0.1:4000/images/front_cover/IMG_20200509_095630.jpg,http://127.0.0.1:4000/images/front_cover/IMG_20200509_095640.jpg','[日本绘本奖]月亮的味道 HLDD','收货后结算·快递发货','http://127.0.0.1:4000/images/details/IMG_20200509_095649.jpg,http://127.0.0.1:4000/images/details/IMG_20200509_095659.jpg,http://127.0.0.1:4000/images/details/IMG_20200509_095713.jpg,http://127.0.0.1:4000/images/details/IMG_20200509_095721.jpg,http://127.0.0.1:4000/images/details/IMG_20200509_095730.jpg,http://127.0.0.1:4000/images/details/IMG_20200509_095807.jpg,http://127.0.0.1:4000/images/details/IMG_20200509_095819.jpg,http://127.0.0.1:4000/images/details/IMG_20200509_095845.jpg,images/details/IMG_20200509_095852.jpg,http://127.0.0.1:4000/images/details/IMG_20200509_095902.jpg,images/details/IMG_20200509_095909.jpg,http://127.0.0.1:4000/images/details/IMG_20200509_095917.jpg,images/details/IMG_20200509_095932.jpg,http://127.0.0.1:4000/images/details/IMG_20200512_133402.jpg','small');
INSERT INTO `picture_books` VALUES (12,'23.99','http://127.0.0.1:4000/images/front_cover/IMG_20200509_095605.jpg','http://127.0.0.1:4000/images/front_cover/IMG_20200509_095605.jpg,http://127.0.0.1:4000/images/front_cover/IMG_20200509_095615.jpg,http://127.0.0.1:4000/images/front_cover/IMG_20200509_095623.jpg,http://127.0.0.1:4000/images/front_cover/IMG_20200509_095630.jpg,http://127.0.0.1:4000/images/front_cover/IMG_20200509_095640.jpg','[日本绘本奖]月亮的味道 HLDD','收货后结算·快递发货','http://127.0.0.1:4000/images/details/IMG_20200509_095649.jpg,http://127.0.0.1:4000/images/details/IMG_20200509_095659.jpg,http://127.0.0.1:4000/images/details/IMG_20200509_095713.jpg,http://127.0.0.1:4000/images/details/IMG_20200509_095721.jpg,http://127.0.0.1:4000/images/details/IMG_20200509_095730.jpg,http://127.0.0.1:4000/images/details/IMG_20200509_095807.jpg,http://127.0.0.1:4000/images/details/IMG_20200509_095819.jpg,http://127.0.0.1:4000/images/details/IMG_20200509_095845.jpg,images/details/IMG_20200509_095852.jpg,http://127.0.0.1:4000/images/details/IMG_20200509_095902.jpg,images/details/IMG_20200509_095909.jpg,http://127.0.0.1:4000/images/details/IMG_20200509_095917.jpg,images/details/IMG_20200509_095932.jpg,http://127.0.0.1:4000/images/details/IMG_20200512_133402.jpg','small');
INSERT INTO `picture_books` VALUES (13,'23.99','http://127.0.0.1:4000/images/front_cover/IMG_20200509_095605.jpg','http://127.0.0.1:4000/images/front_cover/IMG_20200509_095605.jpg,http://127.0.0.1:4000/images/front_cover/IMG_20200509_095615.jpg,http://127.0.0.1:4000/images/front_cover/IMG_20200509_095623.jpg,http://127.0.0.1:4000/images/front_cover/IMG_20200509_095630.jpg,http://127.0.0.1:4000/images/front_cover/IMG_20200509_095640.jpg','[日本绘本奖]月亮的味道 HLDD','收货后结算·快递发货','http://127.0.0.1:4000/images/details/IMG_20200509_095649.jpg,http://127.0.0.1:4000/images/details/IMG_20200509_095659.jpg,http://127.0.0.1:4000/images/details/IMG_20200509_095713.jpg,http://127.0.0.1:4000/images/details/IMG_20200509_095721.jpg,http://127.0.0.1:4000/images/details/IMG_20200509_095730.jpg,http://127.0.0.1:4000/images/details/IMG_20200509_095807.jpg,http://127.0.0.1:4000/images/details/IMG_20200509_095819.jpg,http://127.0.0.1:4000/images/details/IMG_20200509_095845.jpg,images/details/IMG_20200509_095852.jpg,http://127.0.0.1:4000/images/details/IMG_20200509_095902.jpg,images/details/IMG_20200509_095909.jpg,http://127.0.0.1:4000/images/details/IMG_20200509_095917.jpg,images/details/IMG_20200509_095932.jpg,http://127.0.0.1:4000/images/details/IMG_20200512_133402.jpg','small');
INSERT INTO `picture_books` VALUES (14,'23.99','http://127.0.0.1:4000/images/front_cover/IMG_20200509_095605.jpg','http://127.0.0.1:4000/images/front_cover/IMG_20200509_095605.jpg,http://127.0.0.1:4000/images/front_cover/IMG_20200509_095615.jpg,http://127.0.0.1:4000/images/front_cover/IMG_20200509_095623.jpg,http://127.0.0.1:4000/images/front_cover/IMG_20200509_095630.jpg,http://127.0.0.1:4000/images/front_cover/IMG_20200509_095640.jpg','[日本绘本奖]月亮的味道 HLDD','收货后结算·快递发货','http://127.0.0.1:4000/images/details/IMG_20200509_095649.jpg,http://127.0.0.1:4000/images/details/IMG_20200509_095659.jpg,http://127.0.0.1:4000/images/details/IMG_20200509_095713.jpg,http://127.0.0.1:4000/images/details/IMG_20200509_095721.jpg,http://127.0.0.1:4000/images/details/IMG_20200509_095730.jpg,http://127.0.0.1:4000/images/details/IMG_20200509_095807.jpg,http://127.0.0.1:4000/images/details/IMG_20200509_095819.jpg,http://127.0.0.1:4000/images/details/IMG_20200509_095845.jpg,images/details/IMG_20200509_095852.jpg,http://127.0.0.1:4000/images/details/IMG_20200509_095902.jpg,images/details/IMG_20200509_095909.jpg,http://127.0.0.1:4000/images/details/IMG_20200509_095917.jpg,images/details/IMG_20200509_095932.jpg,http://127.0.0.1:4000/images/details/IMG_20200512_133402.jpg','small');
INSERT INTO `picture_books` VALUES (15,'23.99','http://127.0.0.1:4000/images/front_cover/IMG_20200509_095605.jpg','http://127.0.0.1:4000/images/front_cover/IMG_20200509_095605.jpg,http://127.0.0.1:4000/images/front_cover/IMG_20200509_095615.jpg,http://127.0.0.1:4000/images/front_cover/IMG_20200509_095623.jpg,http://127.0.0.1:4000/images/front_cover/IMG_20200509_095630.jpg,http://127.0.0.1:4000/images/front_cover/IMG_20200509_095640.jpg','[日本绘本奖]月亮的味道 HLDD','收货后结算·快递发货','http://127.0.0.1:4000/images/details/IMG_20200509_095649.jpg,http://127.0.0.1:4000/images/details/IMG_20200509_095659.jpg,http://127.0.0.1:4000/images/details/IMG_20200509_095713.jpg,http://127.0.0.1:4000/images/details/IMG_20200509_095721.jpg,http://127.0.0.1:4000/images/details/IMG_20200509_095730.jpg,http://127.0.0.1:4000/images/details/IMG_20200509_095807.jpg,http://127.0.0.1:4000/images/details/IMG_20200509_095819.jpg,http://127.0.0.1:4000/images/details/IMG_20200509_095845.jpg,images/details/IMG_20200509_095852.jpg,http://127.0.0.1:4000/images/details/IMG_20200509_095902.jpg,images/details/IMG_20200509_095909.jpg,http://127.0.0.1:4000/images/details/IMG_20200509_095917.jpg,images/details/IMG_20200509_095932.jpg,http://127.0.0.1:4000/images/details/IMG_20200512_133402.jpg','small');
INSERT INTO `picture_books` VALUES (17,'23.99','http://127.0.0.1:4000/images/front_cover/IMG_20200509_095605.jpg','http://127.0.0.1:4000/images/front_cover/IMG_20200509_095605.jpg,http://127.0.0.1:4000/images/front_cover/IMG_20200509_095615.jpg,http://127.0.0.1:4000/images/front_cover/IMG_20200509_095623.jpg,http://127.0.0.1:4000/images/front_cover/IMG_20200509_095630.jpg,http://127.0.0.1:4000/images/front_cover/IMG_20200509_095640.jpg','[日本绘本奖]月亮的味道 HLDD','收货后结算·快递发货','http://127.0.0.1:4000/images/details/IMG_20200509_095649.jpg,http://127.0.0.1:4000/images/details/IMG_20200509_095659.jpg,http://127.0.0.1:4000/images/details/IMG_20200509_095713.jpg,http://127.0.0.1:4000/images/details/IMG_20200509_095721.jpg,http://127.0.0.1:4000/images/details/IMG_20200509_095730.jpg,http://127.0.0.1:4000/images/details/IMG_20200509_095807.jpg,http://127.0.0.1:4000/images/details/IMG_20200509_095819.jpg,http://127.0.0.1:4000/images/details/IMG_20200509_095845.jpg,images/details/IMG_20200509_095852.jpg,http://127.0.0.1:4000/images/details/IMG_20200509_095902.jpg,images/details/IMG_20200509_095909.jpg,http://127.0.0.1:4000/images/details/IMG_20200509_095917.jpg,images/details/IMG_20200509_095932.jpg,http://127.0.0.1:4000/images/details/IMG_20200512_133402.jpg','small');
INSERT INTO `picture_books` VALUES (18,'23.99','http://127.0.0.1:4000/images/front_cover/IMG_20200512_223354.jpg','http://127.0.0.1:4000/images/front_cover/IMG_20200512_223354.jpg,http://127.0.0.1:4000/images/front_cover/IMG_20200512_223401.jpg,http://127.0.0.1:4000/images/front_cover/IMG_20200512_223407.jpg,http://127.0.0.1:4000/images/front_cover/IMG_20200512_223414.jpg','肚子里有个火车站+牙齿大街的新鲜事（躲藏发货）XF','收货后结算·快递发货','http://127.0.0.1:4000/images/details/IMG_20200512_182756.jpg,http://127.0.0.1:4000/images/details/IMG_20200512_182827.jpg,http://127.0.0.1:4000/images/details/IMG_20200512_182834.jpg,http://127.0.0.1:4000/images/details/IMG_20200512_182841.jpg,http://127.0.0.1:4000/images/details/IMG_20200512_182849.jpg,http://127.0.0.1:4000/images/details/IMG_20200512_182858.jpg,http://127.0.0.1:4000/images/details/IMG_20200512_182904.jpg,http://127.0.0.1:4000/images/details/IMG_20200512_133402.jpg','middle');
INSERT INTO `picture_books` VALUES (19,'23.99','http://127.0.0.1:4000/images/front_cover/IMG_20200512_223354.jpg','http://127.0.0.1:4000/images/front_cover/IMG_20200512_223354.jpg,http://127.0.0.1:4000/images/front_cover/IMG_20200512_223401.jpg,http://127.0.0.1:4000/images/front_cover/IMG_20200512_223407.jpg,http://127.0.0.1:4000/images/front_cover/IMG_20200512_223414.jpg','肚子里有个火车站+牙齿大街的新鲜事（躲藏发货）XF','收货后结算·快递发货','http://127.0.0.1:4000/images/details/IMG_20200512_182756.jpg,http://127.0.0.1:4000/images/details/IMG_20200512_182827.jpg,http://127.0.0.1:4000/images/details/IMG_20200512_182834.jpg,http://127.0.0.1:4000/images/details/IMG_20200512_182841.jpg,http://127.0.0.1:4000/images/details/IMG_20200512_182849.jpg,http://127.0.0.1:4000/images/details/IMG_20200512_182858.jpg,http://127.0.0.1:4000/images/details/IMG_20200512_182904.jpg,http://127.0.0.1:4000/images/details/IMG_20200512_133402.jpg','middle');
INSERT INTO `picture_books` VALUES (20,'23.99','http://127.0.0.1:4000/images/front_cover/IMG_20200512_223354.jpg','http://127.0.0.1:4000/images/front_cover/IMG_20200512_223354.jpg,http://127.0.0.1:4000/images/front_cover/IMG_20200512_223401.jpg,http://127.0.0.1:4000/images/front_cover/IMG_20200512_223407.jpg,http://127.0.0.1:4000/images/front_cover/IMG_20200512_223414.jpg','肚子里有个火车站+牙齿大街的新鲜事（躲藏发货）XF','收货后结算·快递发货','http://127.0.0.1:4000/images/details/IMG_20200512_182756.jpg,http://127.0.0.1:4000/images/details/IMG_20200512_182827.jpg,http://127.0.0.1:4000/images/details/IMG_20200512_182834.jpg,http://127.0.0.1:4000/images/details/IMG_20200512_182841.jpg,http://127.0.0.1:4000/images/details/IMG_20200512_182849.jpg,http://127.0.0.1:4000/images/details/IMG_20200512_182858.jpg,http://127.0.0.1:4000/images/details/IMG_20200512_182904.jpg,http://127.0.0.1:4000/images/details/IMG_20200512_133402.jpg','middle');
INSERT INTO `picture_books` VALUES (21,'23.99','http://127.0.0.1:4000/images/front_cover/IMG_20200512_223354.jpg','http://127.0.0.1:4000/images/front_cover/IMG_20200512_223354.jpg,http://127.0.0.1:4000/images/front_cover/IMG_20200512_223401.jpg,http://127.0.0.1:4000/images/front_cover/IMG_20200512_223407.jpg,http://127.0.0.1:4000/images/front_cover/IMG_20200512_223414.jpg','肚子里有个火车站+牙齿大街的新鲜事（躲藏发货）XF','收货后结算·快递发货','http://127.0.0.1:4000/images/details/IMG_20200512_182756.jpg,http://127.0.0.1:4000/images/details/IMG_20200512_182827.jpg,http://127.0.0.1:4000/images/details/IMG_20200512_182834.jpg,http://127.0.0.1:4000/images/details/IMG_20200512_182841.jpg,http://127.0.0.1:4000/images/details/IMG_20200512_182849.jpg,http://127.0.0.1:4000/images/details/IMG_20200512_182858.jpg,http://127.0.0.1:4000/images/details/IMG_20200512_182904.jpg,http://127.0.0.1:4000/images/details/IMG_20200512_133402.jpg','middle');
INSERT INTO `picture_books` VALUES (22,'23.99','http://127.0.0.1:4000/images/front_cover/IMG_20200512_223354.jpg','http://127.0.0.1:4000/images/front_cover/IMG_20200512_223354.jpg,http://127.0.0.1:4000/images/front_cover/IMG_20200512_223401.jpg,http://127.0.0.1:4000/images/front_cover/IMG_20200512_223407.jpg,http://127.0.0.1:4000/images/front_cover/IMG_20200512_223414.jpg','肚子里有个火车站+牙齿大街的新鲜事（躲藏发货）XF','收货后结算·快递发货','http://127.0.0.1:4000/images/details/IMG_20200512_182756.jpg,http://127.0.0.1:4000/images/details/IMG_20200512_182827.jpg,http://127.0.0.1:4000/images/details/IMG_20200512_182834.jpg,http://127.0.0.1:4000/images/details/IMG_20200512_182841.jpg,http://127.0.0.1:4000/images/details/IMG_20200512_182849.jpg,http://127.0.0.1:4000/images/details/IMG_20200512_182858.jpg,http://127.0.0.1:4000/images/details/IMG_20200512_182904.jpg,http://127.0.0.1:4000/images/details/IMG_20200512_133402.jpg','middle');
INSERT INTO `picture_books` VALUES (23,'23.99','http://127.0.0.1:4000/images/front_cover/IMG_20200512_223354.jpg','http://127.0.0.1:4000/images/front_cover/IMG_20200512_223354.jpg,http://127.0.0.1:4000/images/front_cover/IMG_20200512_223401.jpg,http://127.0.0.1:4000/images/front_cover/IMG_20200512_223407.jpg,http://127.0.0.1:4000/images/front_cover/IMG_20200512_223414.jpg','肚子里有个火车站+牙齿大街的新鲜事（躲藏发货）XF','收货后结算·快递发货','http://127.0.0.1:4000/images/details/IMG_20200512_182756.jpg,http://127.0.0.1:4000/images/details/IMG_20200512_182827.jpg,http://127.0.0.1:4000/images/details/IMG_20200512_182834.jpg,http://127.0.0.1:4000/images/details/IMG_20200512_182841.jpg,http://127.0.0.1:4000/images/details/IMG_20200512_182849.jpg,http://127.0.0.1:4000/images/details/IMG_20200512_182858.jpg,http://127.0.0.1:4000/images/details/IMG_20200512_182904.jpg,http://127.0.0.1:4000/images/details/IMG_20200512_133402.jpg','middle');
INSERT INTO `picture_books` VALUES (24,'23.99','http://127.0.0.1:4000/images/front_cover/IMG_20200512_223354.jpg','http://127.0.0.1:4000/images/front_cover/IMG_20200512_223354.jpg,http://127.0.0.1:4000/images/front_cover/IMG_20200512_223401.jpg,http://127.0.0.1:4000/images/front_cover/IMG_20200512_223407.jpg,http://127.0.0.1:4000/images/front_cover/IMG_20200512_223414.jpg','肚子里有个火车站+牙齿大街的新鲜事（躲藏发货）XF','收货后结算·快递发货','http://127.0.0.1:4000/images/details/IMG_20200512_182756.jpg,http://127.0.0.1:4000/images/details/IMG_20200512_182827.jpg,http://127.0.0.1:4000/images/details/IMG_20200512_182834.jpg,http://127.0.0.1:4000/images/details/IMG_20200512_182841.jpg,http://127.0.0.1:4000/images/details/IMG_20200512_182849.jpg,http://127.0.0.1:4000/images/details/IMG_20200512_182858.jpg,http://127.0.0.1:4000/images/details/IMG_20200512_182904.jpg,http://127.0.0.1:4000/images/details/IMG_20200512_133402.jpg','middle');
INSERT INTO `picture_books` VALUES (25,'23.99','http://127.0.0.1:4000/images/front_cover/IMG_20200512_223354.jpg','http://127.0.0.1:4000/images/front_cover/IMG_20200512_223354.jpg,http://127.0.0.1:4000/images/front_cover/IMG_20200512_223401.jpg,http://127.0.0.1:4000/images/front_cover/IMG_20200512_223407.jpg,http://127.0.0.1:4000/images/front_cover/IMG_20200512_223414.jpg','肚子里有个火车站+牙齿大街的新鲜事（躲藏发货）XF','收货后结算·快递发货','http://127.0.0.1:4000/images/details/IMG_20200512_182756.jpg,http://127.0.0.1:4000/images/details/IMG_20200512_182827.jpg,http://127.0.0.1:4000/images/details/IMG_20200512_182834.jpg,http://127.0.0.1:4000/images/details/IMG_20200512_182841.jpg,http://127.0.0.1:4000/images/details/IMG_20200512_182849.jpg,http://127.0.0.1:4000/images/details/IMG_20200512_182858.jpg,http://127.0.0.1:4000/images/details/IMG_20200512_182904.jpg,http://127.0.0.1:4000/images/details/IMG_20200512_133402.jpg','middle');
INSERT INTO `picture_books` VALUES (26,'23.99','http://127.0.0.1:4000/images/front_cover/IMG_20200512_223354.jpg','http://127.0.0.1:4000/images/front_cover/IMG_20200512_223354.jpg,http://127.0.0.1:4000/images/front_cover/IMG_20200512_223401.jpg,http://127.0.0.1:4000/images/front_cover/IMG_20200512_223407.jpg,http://127.0.0.1:4000/images/front_cover/IMG_20200512_223414.jpg','肚子里有个火车站+牙齿大街的新鲜事（躲藏发货）XF','收货后结算·快递发货','http://127.0.0.1:4000/images/details/IMG_20200512_182756.jpg,http://127.0.0.1:4000/images/details/IMG_20200512_182827.jpg,http://127.0.0.1:4000/images/details/IMG_20200512_182834.jpg,http://127.0.0.1:4000/images/details/IMG_20200512_182841.jpg,http://127.0.0.1:4000/images/details/IMG_20200512_182849.jpg,http://127.0.0.1:4000/images/details/IMG_20200512_182858.jpg,http://127.0.0.1:4000/images/details/IMG_20200512_182904.jpg,http://127.0.0.1:4000/images/details/IMG_20200512_133402.jpg','middle');
INSERT INTO `picture_books` VALUES (27,'23.99','http://127.0.0.1:4000/images/front_cover/IMG_20200512_223354.jpg','http://127.0.0.1:4000/images/front_cover/IMG_20200512_223354.jpg,http://127.0.0.1:4000/images/front_cover/IMG_20200512_223401.jpg,http://127.0.0.1:4000/images/front_cover/IMG_20200512_223407.jpg,http://127.0.0.1:4000/images/front_cover/IMG_20200512_223414.jpg','肚子里有个火车站+牙齿大街的新鲜事（躲藏发货）XF','收货后结算·快递发货','http://127.0.0.1:4000/images/details/IMG_20200512_182756.jpg,http://127.0.0.1:4000/images/details/IMG_20200512_182827.jpg,http://127.0.0.1:4000/images/details/IMG_20200512_182834.jpg,http://127.0.0.1:4000/images/details/IMG_20200512_182841.jpg,http://127.0.0.1:4000/images/details/IMG_20200512_182849.jpg,http://127.0.0.1:4000/images/details/IMG_20200512_182858.jpg,http://127.0.0.1:4000/images/details/IMG_20200512_182904.jpg,http://127.0.0.1:4000/images/details/IMG_20200512_133402.jpg','middle');
INSERT INTO `picture_books` VALUES (28,'23.99','http://127.0.0.1:4000/images/front_cover/IMG_20200512_223354.jpg','http://127.0.0.1:4000/images/front_cover/IMG_20200512_223354.jpg,http://127.0.0.1:4000/images/front_cover/IMG_20200512_223401.jpg,http://127.0.0.1:4000/images/front_cover/IMG_20200512_223407.jpg,http://127.0.0.1:4000/images/front_cover/IMG_20200512_223414.jpg','肚子里有个火车站+牙齿大街的新鲜事（躲藏发货）XF','收货后结算·快递发货','http://127.0.0.1:4000/images/details/IMG_20200512_182756.jpg,http://127.0.0.1:4000/images/details/IMG_20200512_182827.jpg,http://127.0.0.1:4000/images/details/IMG_20200512_182834.jpg,http://127.0.0.1:4000/images/details/IMG_20200512_182841.jpg,http://127.0.0.1:4000/images/details/IMG_20200512_182849.jpg,http://127.0.0.1:4000/images/details/IMG_20200512_182858.jpg,http://127.0.0.1:4000/images/details/IMG_20200512_182904.jpg,http://127.0.0.1:4000/images/details/IMG_20200512_133402.jpg','middle');
INSERT INTO `picture_books` VALUES (29,'23.99','http://127.0.0.1:4000/images/front_cover/IMG_20200512_223354.jpg','http://127.0.0.1:4000/images/front_cover/IMG_20200512_223354.jpg,http://127.0.0.1:4000/images/front_cover/IMG_20200512_223401.jpg,http://127.0.0.1:4000/images/front_cover/IMG_20200512_223407.jpg,http://127.0.0.1:4000/images/front_cover/IMG_20200512_223414.jpg','肚子里有个火车站+牙齿大街的新鲜事（躲藏发货）XF','收货后结算·快递发货','http://127.0.0.1:4000/images/details/IMG_20200512_182756.jpg,http://127.0.0.1:4000/images/details/IMG_20200512_182827.jpg,http://127.0.0.1:4000/images/details/IMG_20200512_182834.jpg,http://127.0.0.1:4000/images/details/IMG_20200512_182841.jpg,http://127.0.0.1:4000/images/details/IMG_20200512_182849.jpg,http://127.0.0.1:4000/images/details/IMG_20200512_182858.jpg,http://127.0.0.1:4000/images/details/IMG_20200512_182904.jpg,http://127.0.0.1:4000/images/details/IMG_20200512_133402.jpg','middle');
INSERT INTO `picture_books` VALUES (30,'23.99','http://127.0.0.1:4000/images/front_cover/IMG_20200512_223354.jpg','http://127.0.0.1:4000/images/front_cover/IMG_20200512_223354.jpg,http://127.0.0.1:4000/images/front_cover/IMG_20200512_223401.jpg,http://127.0.0.1:4000/images/front_cover/IMG_20200512_223407.jpg,http://127.0.0.1:4000/images/front_cover/IMG_20200512_223414.jpg','肚子里有个火车站+牙齿大街的新鲜事（躲藏发货）XF','收货后结算·快递发货','http://127.0.0.1:4000/images/details/IMG_20200512_182756.jpg,http://127.0.0.1:4000/images/details/IMG_20200512_182827.jpg,http://127.0.0.1:4000/images/details/IMG_20200512_182834.jpg,http://127.0.0.1:4000/images/details/IMG_20200512_182841.jpg,http://127.0.0.1:4000/images/details/IMG_20200512_182849.jpg,http://127.0.0.1:4000/images/details/IMG_20200512_182858.jpg,http://127.0.0.1:4000/images/details/IMG_20200512_182904.jpg,http://127.0.0.1:4000/images/details/IMG_20200512_133402.jpg','middle');
INSERT INTO `picture_books` VALUES (31,'23.99','http://127.0.0.1:4000/images/front_cover/IMG_20200512_223354.jpg','http://127.0.0.1:4000/images/front_cover/IMG_20200512_223354.jpg,http://127.0.0.1:4000/images/front_cover/IMG_20200512_223401.jpg,http://127.0.0.1:4000/images/front_cover/IMG_20200512_223407.jpg,http://127.0.0.1:4000/images/front_cover/IMG_20200512_223414.jpg','肚子里有个火车站+牙齿大街的新鲜事（躲藏发货）XF','收货后结算·快递发货','http://127.0.0.1:4000/images/details/IMG_20200512_182756.jpg,http://127.0.0.1:4000/images/details/IMG_20200512_182827.jpg,http://127.0.0.1:4000/images/details/IMG_20200512_182834.jpg,http://127.0.0.1:4000/images/details/IMG_20200512_182841.jpg,http://127.0.0.1:4000/images/details/IMG_20200512_182849.jpg,http://127.0.0.1:4000/images/details/IMG_20200512_182858.jpg,http://127.0.0.1:4000/images/details/IMG_20200512_182904.jpg,http://127.0.0.1:4000/images/details/IMG_20200512_133402.jpg','middle');
INSERT INTO `picture_books` VALUES (32,'23.99','http://127.0.0.1:4000/images/front_cover/IMG_20200512_223354.jpg','http://127.0.0.1:4000/images/front_cover/IMG_20200512_223354.jpg,http://127.0.0.1:4000/images/front_cover/IMG_20200512_223401.jpg,http://127.0.0.1:4000/images/front_cover/IMG_20200512_223407.jpg,http://127.0.0.1:4000/images/front_cover/IMG_20200512_223414.jpg','肚子里有个火车站+牙齿大街的新鲜事（躲藏发货）XF','收货后结算·快递发货','http://127.0.0.1:4000/images/details/IMG_20200512_182756.jpg,http://127.0.0.1:4000/images/details/IMG_20200512_182827.jpg,http://127.0.0.1:4000/images/details/IMG_20200512_182834.jpg,http://127.0.0.1:4000/images/details/IMG_20200512_182841.jpg,http://127.0.0.1:4000/images/details/IMG_20200512_182849.jpg,http://127.0.0.1:4000/images/details/IMG_20200512_182858.jpg,http://127.0.0.1:4000/images/details/IMG_20200512_182904.jpg,http://127.0.0.1:4000/images/details/IMG_20200512_133402.jpg','middle');
INSERT INTO `picture_books` VALUES (33,'23.99','http://127.0.0.1:4000/images/front_cover/IMG_20200512_223354.jpg','http://127.0.0.1:4000/images/front_cover/IMG_20200512_223354.jpg,http://127.0.0.1:4000/images/front_cover/IMG_20200512_223401.jpg,http://127.0.0.1:4000/images/front_cover/IMG_20200512_223407.jpg,http://127.0.0.1:4000/images/front_cover/IMG_20200512_223414.jpg','肚子里有个火车站+牙齿大街的新鲜事（躲藏发货）XF','收货后结算·快递发货','http://127.0.0.1:4000/images/details/IMG_20200512_182756.jpg,http://127.0.0.1:4000/images/details/IMG_20200512_182827.jpg,http://127.0.0.1:4000/images/details/IMG_20200512_182834.jpg,http://127.0.0.1:4000/images/details/IMG_20200512_182841.jpg,http://127.0.0.1:4000/images/details/IMG_20200512_182849.jpg,http://127.0.0.1:4000/images/details/IMG_20200512_182858.jpg,http://127.0.0.1:4000/images/details/IMG_20200512_182904.jpg,http://127.0.0.1:4000/images/details/IMG_20200512_133402.jpg','middle');
INSERT INTO `picture_books` VALUES (34,'23.99','http://127.0.0.1:4000/images/front_cover/IMG_20200512_223354.jpg','http://127.0.0.1:4000/images/front_cover/IMG_20200512_223354.jpg,http://127.0.0.1:4000/images/front_cover/IMG_20200512_223401.jpg,http://127.0.0.1:4000/images/front_cover/IMG_20200512_223407.jpg,http://127.0.0.1:4000/images/front_cover/IMG_20200512_223414.jpg','肚子里有个火车站+牙齿大街的新鲜事（躲藏发货）XF','收货后结算·快递发货','http://127.0.0.1:4000/images/details/IMG_20200512_182756.jpg,http://127.0.0.1:4000/images/details/IMG_20200512_182827.jpg,http://127.0.0.1:4000/images/details/IMG_20200512_182834.jpg,http://127.0.0.1:4000/images/details/IMG_20200512_182841.jpg,http://127.0.0.1:4000/images/details/IMG_20200512_182849.jpg,http://127.0.0.1:4000/images/details/IMG_20200512_182858.jpg,http://127.0.0.1:4000/images/details/IMG_20200512_182904.jpg,http://127.0.0.1:4000/images/details/IMG_20200512_133402.jpg','middle');
INSERT INTO `picture_books` VALUES (35,'23.99','http://127.0.0.1:4000/images/front_cover/IMG_20200512_223354.jpg','http://127.0.0.1:4000/images/front_cover/IMG_20200512_223354.jpg,http://127.0.0.1:4000/images/front_cover/IMG_20200512_223401.jpg,http://127.0.0.1:4000/images/front_cover/IMG_20200512_223407.jpg,http://127.0.0.1:4000/images/front_cover/IMG_20200512_223414.jpg','肚子里有个火车站+牙齿大街的新鲜事（躲藏发货）XF','收货后结算·快递发货','http://127.0.0.1:4000/images/details/IMG_20200512_182756.jpg,http://127.0.0.1:4000/images/details/IMG_20200512_182827.jpg,http://127.0.0.1:4000/images/details/IMG_20200512_182834.jpg,http://127.0.0.1:4000/images/details/IMG_20200512_182841.jpg,http://127.0.0.1:4000/images/details/IMG_20200512_182849.jpg,http://127.0.0.1:4000/images/details/IMG_20200512_182858.jpg,http://127.0.0.1:4000/images/details/IMG_20200512_182904.jpg,http://127.0.0.1:4000/images/details/IMG_20200512_133402.jpg','middle');
INSERT INTO `picture_books` VALUES (36,'23.99','http://127.0.0.1:4000/images/front_cover/IMG_20200512_223354.jpg','http://127.0.0.1:4000/images/front_cover/IMG_20200512_223354.jpg,http://127.0.0.1:4000/images/front_cover/IMG_20200512_223401.jpg,http://127.0.0.1:4000/images/front_cover/IMG_20200512_223407.jpg,http://127.0.0.1:4000/images/front_cover/IMG_20200512_223414.jpg','肚子里有个火车站+牙齿大街的新鲜事（躲藏发货）XF','收货后结算·快递发货','http://127.0.0.1:4000/images/details/IMG_20200512_182756.jpg,http://127.0.0.1:4000/images/details/IMG_20200512_182827.jpg,http://127.0.0.1:4000/images/details/IMG_20200512_182834.jpg,http://127.0.0.1:4000/images/details/IMG_20200512_182841.jpg,http://127.0.0.1:4000/images/details/IMG_20200512_182849.jpg,http://127.0.0.1:4000/images/details/IMG_20200512_182858.jpg,http://127.0.0.1:4000/images/details/IMG_20200512_182904.jpg,http://127.0.0.1:4000/images/details/IMG_20200512_133402.jpg','middle');
INSERT INTO `picture_books` VALUES (37,'23.99','http://127.0.0.1:4000/images/front_cover/IMG_20200512_183202.jpg','http://127.0.0.1:4000/images/front_cover/IMG_20200512_183239.jpg,http://127.0.0.1:4000/images/front_cover/IMG_20200512_183202.jpg,http://127.0.0.1:4000/images/front_cover/IMG_20200512_183212.jpg,http://127.0.0.1:4000/images/front_cover/IMG_20200512_183230.jpg,http://127.0.0.1:4000/images/front_cover/IMG_20200512_183220.jpg','东方娃娃-《獾的美餐》软精装（南京3号仓）','收货后结算·快递发货','http://127.0.0.1:4000/images/details/IMG_20200512_183444.jpg,http://127.0.0.1:4000/images/details/IMG_20200512_183452.jpg,http://127.0.0.1:4000/images/details/IMG_20200512_183458.jpg,http://127.0.0.1:4000/images/details/IMG_20200512_183506.jpg,http://127.0.0.1:4000/images/details/IMG_20200512_183534.jpg,http://127.0.0.1:4000/images/details/IMG_20200512_183526.jpg,http://127.0.0.1:4000/images/details/IMG_20200512_183543.jpg,http://127.0.0.1:4000/images/details/IMG_20200512_133402.jpg','small');
INSERT INTO `picture_books` VALUES (38,'23.99','http://127.0.0.1:4000/images/front_cover/IMG_20200512_183202.jpg','http://127.0.0.1:4000/images/front_cover/IMG_20200512_183239.jpg,http://127.0.0.1:4000/images/front_cover/IMG_20200512_183202.jpg,http://127.0.0.1:4000/images/front_cover/IMG_20200512_183212.jpg,http://127.0.0.1:4000/images/front_cover/IMG_20200512_183230.jpg,http://127.0.0.1:4000/images/front_cover/IMG_20200512_183220.jpg','东方娃娃-《獾的美餐》软精装（南京3号仓）','收货后结算·快递发货','http://127.0.0.1:4000/images/details/IMG_20200512_183444.jpg,http://127.0.0.1:4000/images/details/IMG_20200512_183452.jpg,http://127.0.0.1:4000/images/details/IMG_20200512_183458.jpg,http://127.0.0.1:4000/images/details/IMG_20200512_183506.jpg,http://127.0.0.1:4000/images/details/IMG_20200512_183534.jpg,http://127.0.0.1:4000/images/details/IMG_20200512_183526.jpg,http://127.0.0.1:4000/images/details/IMG_20200512_183543.jpg,http://127.0.0.1:4000/images/details/IMG_20200512_133402.jpg','small');
INSERT INTO `picture_books` VALUES (39,'23.99','http://127.0.0.1:4000/images/front_cover/IMG_20200512_183202.jpg','http://127.0.0.1:4000/images/front_cover/IMG_20200512_183239.jpg,http://127.0.0.1:4000/images/front_cover/IMG_20200512_183202.jpg,http://127.0.0.1:4000/images/front_cover/IMG_20200512_183212.jpg,http://127.0.0.1:4000/images/front_cover/IMG_20200512_183230.jpg,http://127.0.0.1:4000/images/front_cover/IMG_20200512_183220.jpg','东方娃娃-《獾的美餐》软精装（南京3号仓）','收货后结算·快递发货','http://127.0.0.1:4000/images/details/IMG_20200512_183444.jpg,http://127.0.0.1:4000/images/details/IMG_20200512_183452.jpg,http://127.0.0.1:4000/images/details/IMG_20200512_183458.jpg,http://127.0.0.1:4000/images/details/IMG_20200512_183506.jpg,http://127.0.0.1:4000/images/details/IMG_20200512_183534.jpg,http://127.0.0.1:4000/images/details/IMG_20200512_183526.jpg,http://127.0.0.1:4000/images/details/IMG_20200512_183543.jpg,http://127.0.0.1:4000/images/details/IMG_20200512_133402.jpg','small');
INSERT INTO `picture_books` VALUES (40,'23.99','http://127.0.0.1:4000/images/front_cover/IMG_20200512_183202.jpg','http://127.0.0.1:4000/images/front_cover/IMG_20200512_183239.jpg,http://127.0.0.1:4000/images/front_cover/IMG_20200512_183202.jpg,http://127.0.0.1:4000/images/front_cover/IMG_20200512_183212.jpg,http://127.0.0.1:4000/images/front_cover/IMG_20200512_183230.jpg,http://127.0.0.1:4000/images/front_cover/IMG_20200512_183220.jpg','东方娃娃-《獾的美餐》软精装（南京3号仓）','收货后结算·快递发货','http://127.0.0.1:4000/images/details/IMG_20200512_183444.jpg,http://127.0.0.1:4000/images/details/IMG_20200512_183452.jpg,http://127.0.0.1:4000/images/details/IMG_20200512_183458.jpg,http://127.0.0.1:4000/images/details/IMG_20200512_183506.jpg,http://127.0.0.1:4000/images/details/IMG_20200512_183534.jpg,http://127.0.0.1:4000/images/details/IMG_20200512_183526.jpg,http://127.0.0.1:4000/images/details/IMG_20200512_183543.jpg,http://127.0.0.1:4000/images/details/IMG_20200512_133402.jpg','small');
INSERT INTO `picture_books` VALUES (41,'23.99','http://127.0.0.1:4000/images/front_cover/IMG_20200512_183202.jpg','http://127.0.0.1:4000/images/front_cover/IMG_20200512_183239.jpg,http://127.0.0.1:4000/images/front_cover/IMG_20200512_183202.jpg,http://127.0.0.1:4000/images/front_cover/IMG_20200512_183212.jpg,http://127.0.0.1:4000/images/front_cover/IMG_20200512_183230.jpg,http://127.0.0.1:4000/images/front_cover/IMG_20200512_183220.jpg','东方娃娃-《獾的美餐》软精装（南京3号仓）','收货后结算·快递发货','http://127.0.0.1:4000/images/details/IMG_20200512_183444.jpg,http://127.0.0.1:4000/images/details/IMG_20200512_183452.jpg,http://127.0.0.1:4000/images/details/IMG_20200512_183458.jpg,http://127.0.0.1:4000/images/details/IMG_20200512_183506.jpg,http://127.0.0.1:4000/images/details/IMG_20200512_183534.jpg,http://127.0.0.1:4000/images/details/IMG_20200512_183526.jpg,http://127.0.0.1:4000/images/details/IMG_20200512_183543.jpg,http://127.0.0.1:4000/images/details/IMG_20200512_133402.jpg','small');
INSERT INTO `picture_books` VALUES (42,'23.99','http://127.0.0.1:4000/images/front_cover/IMG_20200512_183202.jpg','http://127.0.0.1:4000/images/front_cover/IMG_20200512_183239.jpg,http://127.0.0.1:4000/images/front_cover/IMG_20200512_183202.jpg,http://127.0.0.1:4000/images/front_cover/IMG_20200512_183212.jpg,http://127.0.0.1:4000/images/front_cover/IMG_20200512_183230.jpg,http://127.0.0.1:4000/images/front_cover/IMG_20200512_183220.jpg','东方娃娃-《獾的美餐》软精装（南京3号仓）','收货后结算·快递发货','http://127.0.0.1:4000/images/details/IMG_20200512_183444.jpg,http://127.0.0.1:4000/images/details/IMG_20200512_183452.jpg,http://127.0.0.1:4000/images/details/IMG_20200512_183458.jpg,http://127.0.0.1:4000/images/details/IMG_20200512_183506.jpg,http://127.0.0.1:4000/images/details/IMG_20200512_183534.jpg,http://127.0.0.1:4000/images/details/IMG_20200512_183526.jpg,http://127.0.0.1:4000/images/details/IMG_20200512_183543.jpg,http://127.0.0.1:4000/images/details/IMG_20200512_133402.jpg','small');
INSERT INTO `picture_books` VALUES (43,'23.99','http://127.0.0.1:4000/images/front_cover/IMG_20200512_183202.jpg','http://127.0.0.1:4000/images/front_cover/IMG_20200512_183239.jpg,http://127.0.0.1:4000/images/front_cover/IMG_20200512_183202.jpg,http://127.0.0.1:4000/images/front_cover/IMG_20200512_183212.jpg,http://127.0.0.1:4000/images/front_cover/IMG_20200512_183230.jpg,http://127.0.0.1:4000/images/front_cover/IMG_20200512_183220.jpg','东方娃娃-《獾的美餐》软精装（南京3号仓）','收货后结算·快递发货','http://127.0.0.1:4000/images/details/IMG_20200512_183444.jpg,http://127.0.0.1:4000/images/details/IMG_20200512_183452.jpg,http://127.0.0.1:4000/images/details/IMG_20200512_183458.jpg,http://127.0.0.1:4000/images/details/IMG_20200512_183506.jpg,http://127.0.0.1:4000/images/details/IMG_20200512_183534.jpg,http://127.0.0.1:4000/images/details/IMG_20200512_183526.jpg,http://127.0.0.1:4000/images/details/IMG_20200512_183543.jpg,http://127.0.0.1:4000/images/details/IMG_20200512_133402.jpg','small');
INSERT INTO `picture_books` VALUES (44,'23.99','http://127.0.0.1:4000/images/front_cover/IMG_20200512_183202.jpg','http://127.0.0.1:4000/images/front_cover/IMG_20200512_183239.jpg,http://127.0.0.1:4000/images/front_cover/IMG_20200512_183202.jpg,http://127.0.0.1:4000/images/front_cover/IMG_20200512_183212.jpg,http://127.0.0.1:4000/images/front_cover/IMG_20200512_183230.jpg,http://127.0.0.1:4000/images/front_cover/IMG_20200512_183220.jpg','东方娃娃-《獾的美餐》软精装（南京3号仓）','收货后结算·快递发货','http://127.0.0.1:4000/images/details/IMG_20200512_183444.jpg,http://127.0.0.1:4000/images/details/IMG_20200512_183452.jpg,http://127.0.0.1:4000/images/details/IMG_20200512_183458.jpg,http://127.0.0.1:4000/images/details/IMG_20200512_183506.jpg,http://127.0.0.1:4000/images/details/IMG_20200512_183534.jpg,http://127.0.0.1:4000/images/details/IMG_20200512_183526.jpg,http://127.0.0.1:4000/images/details/IMG_20200512_183543.jpg,http://127.0.0.1:4000/images/details/IMG_20200512_133402.jpg','small');
INSERT INTO `picture_books` VALUES (45,'23.99','http://127.0.0.1:4000/images/front_cover/IMG_20200512_183202.jpg','http://127.0.0.1:4000/images/front_cover/IMG_20200512_183239.jpg,http://127.0.0.1:4000/images/front_cover/IMG_20200512_183202.jpg,http://127.0.0.1:4000/images/front_cover/IMG_20200512_183212.jpg,http://127.0.0.1:4000/images/front_cover/IMG_20200512_183230.jpg,http://127.0.0.1:4000/images/front_cover/IMG_20200512_183220.jpg','东方娃娃-《獾的美餐》软精装（南京3号仓）','收货后结算·快递发货','http://127.0.0.1:4000/images/details/IMG_20200512_183444.jpg,http://127.0.0.1:4000/images/details/IMG_20200512_183452.jpg,http://127.0.0.1:4000/images/details/IMG_20200512_183458.jpg,http://127.0.0.1:4000/images/details/IMG_20200512_183506.jpg,http://127.0.0.1:4000/images/details/IMG_20200512_183534.jpg,http://127.0.0.1:4000/images/details/IMG_20200512_183526.jpg,http://127.0.0.1:4000/images/details/IMG_20200512_183543.jpg,http://127.0.0.1:4000/images/details/IMG_20200512_133402.jpg','small');
INSERT INTO `picture_books` VALUES (46,'23.99','http://127.0.0.1:4000/images/front_cover/IMG_20200512_183202.jpg','http://127.0.0.1:4000/images/front_cover/IMG_20200512_183239.jpg,http://127.0.0.1:4000/images/front_cover/IMG_20200512_183202.jpg,http://127.0.0.1:4000/images/front_cover/IMG_20200512_183212.jpg,http://127.0.0.1:4000/images/front_cover/IMG_20200512_183230.jpg,http://127.0.0.1:4000/images/front_cover/IMG_20200512_183220.jpg','东方娃娃-《獾的美餐》软精装（南京3号仓）','收货后结算·快递发货','http://127.0.0.1:4000/images/details/IMG_20200512_183444.jpg,http://127.0.0.1:4000/images/details/IMG_20200512_183452.jpg,http://127.0.0.1:4000/images/details/IMG_20200512_183458.jpg,http://127.0.0.1:4000/images/details/IMG_20200512_183506.jpg,http://127.0.0.1:4000/images/details/IMG_20200512_183534.jpg,http://127.0.0.1:4000/images/details/IMG_20200512_183526.jpg,http://127.0.0.1:4000/images/details/IMG_20200512_183543.jpg,http://127.0.0.1:4000/images/details/IMG_20200512_133402.jpg','small');
INSERT INTO `picture_books` VALUES (47,'23.99','http://127.0.0.1:4000/images/front_cover/IMG_20200512_183202.jpg','http://127.0.0.1:4000/images/front_cover/IMG_20200512_183239.jpg,http://127.0.0.1:4000/images/front_cover/IMG_20200512_183202.jpg,http://127.0.0.1:4000/images/front_cover/IMG_20200512_183212.jpg,http://127.0.0.1:4000/images/front_cover/IMG_20200512_183230.jpg,http://127.0.0.1:4000/images/front_cover/IMG_20200512_183220.jpg','东方娃娃-《獾的美餐》软精装（南京3号仓）','收货后结算·快递发货','http://127.0.0.1:4000/images/details/IMG_20200512_183444.jpg,http://127.0.0.1:4000/images/details/IMG_20200512_183452.jpg,http://127.0.0.1:4000/images/details/IMG_20200512_183458.jpg,http://127.0.0.1:4000/images/details/IMG_20200512_183506.jpg,http://127.0.0.1:4000/images/details/IMG_20200512_183534.jpg,http://127.0.0.1:4000/images/details/IMG_20200512_183526.jpg,http://127.0.0.1:4000/images/details/IMG_20200512_183543.jpg,http://127.0.0.1:4000/images/details/IMG_20200512_133402.jpg','small');
INSERT INTO `picture_books` VALUES (48,'23.99','http://127.0.0.1:4000/images/front_cover/IMG_20200512_183202.jpg','http://127.0.0.1:4000/images/front_cover/IMG_20200512_183239.jpg,http://127.0.0.1:4000/images/front_cover/IMG_20200512_183202.jpg,http://127.0.0.1:4000/images/front_cover/IMG_20200512_183212.jpg,http://127.0.0.1:4000/images/front_cover/IMG_20200512_183230.jpg,http://127.0.0.1:4000/images/front_cover/IMG_20200512_183220.jpg','东方娃娃-《獾的美餐》软精装（南京3号仓）','收货后结算·快递发货','http://127.0.0.1:4000/images/details/IMG_20200512_183444.jpg,http://127.0.0.1:4000/images/details/IMG_20200512_183452.jpg,http://127.0.0.1:4000/images/details/IMG_20200512_183458.jpg,http://127.0.0.1:4000/images/details/IMG_20200512_183506.jpg,http://127.0.0.1:4000/images/details/IMG_20200512_183534.jpg,http://127.0.0.1:4000/images/details/IMG_20200512_183526.jpg,http://127.0.0.1:4000/images/details/IMG_20200512_183543.jpg,http://127.0.0.1:4000/images/details/IMG_20200512_133402.jpg','small');
INSERT INTO `picture_books` VALUES (49,'23.99','http://127.0.0.1:4000/images/front_cover/IMG_20200512_183202.jpg','http://127.0.0.1:4000/images/front_cover/IMG_20200512_183239.jpg,http://127.0.0.1:4000/images/front_cover/IMG_20200512_183202.jpg,http://127.0.0.1:4000/images/front_cover/IMG_20200512_183212.jpg,http://127.0.0.1:4000/images/front_cover/IMG_20200512_183230.jpg,http://127.0.0.1:4000/images/front_cover/IMG_20200512_183220.jpg','东方娃娃-《獾的美餐》软精装（南京3号仓）','收货后结算·快递发货','http://127.0.0.1:4000/images/details/IMG_20200512_183444.jpg,http://127.0.0.1:4000/images/details/IMG_20200512_183452.jpg,http://127.0.0.1:4000/images/details/IMG_20200512_183458.jpg,http://127.0.0.1:4000/images/details/IMG_20200512_183506.jpg,http://127.0.0.1:4000/images/details/IMG_20200512_183534.jpg,http://127.0.0.1:4000/images/details/IMG_20200512_183526.jpg,http://127.0.0.1:4000/images/details/IMG_20200512_183543.jpg,http://127.0.0.1:4000/images/details/IMG_20200512_133402.jpg','small');
INSERT INTO `picture_books` VALUES (50,'23.99','http://127.0.0.1:4000/images/front_cover/IMG_20200512_183202.jpg','http://127.0.0.1:4000/images/front_cover/IMG_20200512_183239.jpg,http://127.0.0.1:4000/images/front_cover/IMG_20200512_183202.jpg,http://127.0.0.1:4000/images/front_cover/IMG_20200512_183212.jpg,http://127.0.0.1:4000/images/front_cover/IMG_20200512_183230.jpg,http://127.0.0.1:4000/images/front_cover/IMG_20200512_183220.jpg','东方娃娃-《獾的美餐》软精装（南京3号仓）','收货后结算·快递发货','http://127.0.0.1:4000/images/details/IMG_20200512_183444.jpg,http://127.0.0.1:4000/images/details/IMG_20200512_183452.jpg,http://127.0.0.1:4000/images/details/IMG_20200512_183458.jpg,http://127.0.0.1:4000/images/details/IMG_20200512_183506.jpg,http://127.0.0.1:4000/images/details/IMG_20200512_183534.jpg,http://127.0.0.1:4000/images/details/IMG_20200512_183526.jpg,http://127.0.0.1:4000/images/details/IMG_20200512_183543.jpg,http://127.0.0.1:4000/images/details/IMG_20200512_133402.jpg','small');
INSERT INTO `picture_books` VALUES (51,'23.99','http://127.0.0.1:4000/images/front_cover/IMG_20200512_183202.jpg','http://127.0.0.1:4000/images/front_cover/IMG_20200512_183239.jpg,http://127.0.0.1:4000/images/front_cover/IMG_20200512_183202.jpg,http://127.0.0.1:4000/images/front_cover/IMG_20200512_183212.jpg,http://127.0.0.1:4000/images/front_cover/IMG_20200512_183230.jpg,http://127.0.0.1:4000/images/front_cover/IMG_20200512_183220.jpg','东方娃娃-《獾的美餐》软精装（南京3号仓）','收货后结算·快递发货','http://127.0.0.1:4000/images/details/IMG_20200512_183444.jpg,http://127.0.0.1:4000/images/details/IMG_20200512_183452.jpg,http://127.0.0.1:4000/images/details/IMG_20200512_183458.jpg,http://127.0.0.1:4000/images/details/IMG_20200512_183506.jpg,http://127.0.0.1:4000/images/details/IMG_20200512_183534.jpg,http://127.0.0.1:4000/images/details/IMG_20200512_183526.jpg,http://127.0.0.1:4000/images/details/IMG_20200512_183543.jpg,http://127.0.0.1:4000/images/details/IMG_20200512_133402.jpg','small');
INSERT INTO `picture_books` VALUES (52,'23.99','http://127.0.0.1:4000/images/front_cover/IMG_20200512_183202.jpg','http://127.0.0.1:4000/images/front_cover/IMG_20200512_183239.jpg,http://127.0.0.1:4000/images/front_cover/IMG_20200512_183202.jpg,http://127.0.0.1:4000/images/front_cover/IMG_20200512_183212.jpg,http://127.0.0.1:4000/images/front_cover/IMG_20200512_183230.jpg,http://127.0.0.1:4000/images/front_cover/IMG_20200512_183220.jpg','东方娃娃-《獾的美餐》软精装（南京3号仓）','收货后结算·快递发货','http://127.0.0.1:4000/images/details/IMG_20200512_183444.jpg,http://127.0.0.1:4000/images/details/IMG_20200512_183452.jpg,http://127.0.0.1:4000/images/details/IMG_20200512_183458.jpg,http://127.0.0.1:4000/images/details/IMG_20200512_183506.jpg,http://127.0.0.1:4000/images/details/IMG_20200512_183534.jpg,http://127.0.0.1:4000/images/details/IMG_20200512_183526.jpg,http://127.0.0.1:4000/images/details/IMG_20200512_183543.jpg,http://127.0.0.1:4000/images/details/IMG_20200512_133402.jpg','small');
INSERT INTO `picture_books` VALUES (53,'23.99','http://127.0.0.1:4000/images/front_cover/IMG_20200512_183202.jpg','http://127.0.0.1:4000/images/front_cover/IMG_20200512_183239.jpg,http://127.0.0.1:4000/images/front_cover/IMG_20200512_183202.jpg,http://127.0.0.1:4000/images/front_cover/IMG_20200512_183212.jpg,http://127.0.0.1:4000/images/front_cover/IMG_20200512_183230.jpg,http://127.0.0.1:4000/images/front_cover/IMG_20200512_183220.jpg','东方娃娃-《獾的美餐》软精装（南京3号仓）','收货后结算·快递发货','http://127.0.0.1:4000/images/details/IMG_20200512_183444.jpg,http://127.0.0.1:4000/images/details/IMG_20200512_183452.jpg,http://127.0.0.1:4000/images/details/IMG_20200512_183458.jpg,http://127.0.0.1:4000/images/details/IMG_20200512_183506.jpg,http://127.0.0.1:4000/images/details/IMG_20200512_183534.jpg,http://127.0.0.1:4000/images/details/IMG_20200512_183526.jpg,http://127.0.0.1:4000/images/details/IMG_20200512_183543.jpg,http://127.0.0.1:4000/images/details/IMG_20200512_133402.jpg','small');
INSERT INTO `picture_books` VALUES (54,'23.99','http://127.0.0.1:4000/images/front_cover/IMG_20200512_183202.jpg','http://127.0.0.1:4000/images/front_cover/IMG_20200512_183239.jpg,http://127.0.0.1:4000/images/front_cover/IMG_20200512_183202.jpg,http://127.0.0.1:4000/images/front_cover/IMG_20200512_183212.jpg,http://127.0.0.1:4000/images/front_cover/IMG_20200512_183230.jpg,http://127.0.0.1:4000/images/front_cover/IMG_20200512_183220.jpg','东方娃娃-《獾的美餐》软精装（南京3号仓）','收货后结算·快递发货','http://127.0.0.1:4000/images/details/IMG_20200512_183444.jpg,http://127.0.0.1:4000/images/details/IMG_20200512_183452.jpg,http://127.0.0.1:4000/images/details/IMG_20200512_183458.jpg,http://127.0.0.1:4000/images/details/IMG_20200512_183506.jpg,http://127.0.0.1:4000/images/details/IMG_20200512_183534.jpg,http://127.0.0.1:4000/images/details/IMG_20200512_183526.jpg,http://127.0.0.1:4000/images/details/IMG_20200512_183543.jpg,http://127.0.0.1:4000/images/details/IMG_20200512_133402.jpg','small');
INSERT INTO `picture_books` VALUES (55,'23.99','http://127.0.0.1:4000/images/front_cover/IMG_20200512_183202.jpg','http://127.0.0.1:4000/images/front_cover/IMG_20200512_183239.jpg,http://127.0.0.1:4000/images/front_cover/IMG_20200512_183202.jpg,http://127.0.0.1:4000/images/front_cover/IMG_20200512_183212.jpg,http://127.0.0.1:4000/images/front_cover/IMG_20200512_183230.jpg,http://127.0.0.1:4000/images/front_cover/IMG_20200512_183220.jpg','东方娃娃-《獾的美餐》软精装（南京3号仓）','收货后结算·快递发货','http://127.0.0.1:4000/images/details/IMG_20200512_183444.jpg,http://127.0.0.1:4000/images/details/IMG_20200512_183452.jpg,http://127.0.0.1:4000/images/details/IMG_20200512_183458.jpg,http://127.0.0.1:4000/images/details/IMG_20200512_183506.jpg,http://127.0.0.1:4000/images/details/IMG_20200512_183534.jpg,http://127.0.0.1:4000/images/details/IMG_20200512_183526.jpg,http://127.0.0.1:4000/images/details/IMG_20200512_183543.jpg,http://127.0.0.1:4000/images/details/IMG_20200512_133402.jpg','small');
INSERT INTO `picture_books` VALUES (56,'23.99','http://127.0.0.1:4000/images/front_cover/IMG_20200512_183202.jpg','http://127.0.0.1:4000/images/front_cover/IMG_20200512_183239.jpg,http://127.0.0.1:4000/images/front_cover/IMG_20200512_183202.jpg,http://127.0.0.1:4000/images/front_cover/IMG_20200512_183212.jpg,http://127.0.0.1:4000/images/front_cover/IMG_20200512_183230.jpg,http://127.0.0.1:4000/images/front_cover/IMG_20200512_183220.jpg','东方娃娃-《獾的美餐》软精装（南京3号仓）','收货后结算·快递发货','http://127.0.0.1:4000/images/details/IMG_20200512_183444.jpg,http://127.0.0.1:4000/images/details/IMG_20200512_183452.jpg,http://127.0.0.1:4000/images/details/IMG_20200512_183458.jpg,http://127.0.0.1:4000/images/details/IMG_20200512_183506.jpg,http://127.0.0.1:4000/images/details/IMG_20200512_183534.jpg,http://127.0.0.1:4000/images/details/IMG_20200512_183526.jpg,http://127.0.0.1:4000/images/details/IMG_20200512_183543.jpg,http://127.0.0.1:4000/images/details/IMG_20200512_133402.jpg','small');
INSERT INTO `picture_books` VALUES (57,'23.99','http://127.0.0.1:4000/images/front_cover/IMG_20200512_183202.jpg','http://127.0.0.1:4000/images/front_cover/IMG_20200512_183239.jpg,http://127.0.0.1:4000/images/front_cover/IMG_20200512_183202.jpg,http://127.0.0.1:4000/images/front_cover/IMG_20200512_183212.jpg,http://127.0.0.1:4000/images/front_cover/IMG_20200512_183230.jpg,http://127.0.0.1:4000/images/front_cover/IMG_20200512_183220.jpg','东方娃娃-《獾的美餐》软精装（南京3号仓）','收货后结算·快递发货','http://127.0.0.1:4000/images/details/IMG_20200512_183444.jpg,http://127.0.0.1:4000/images/details/IMG_20200512_183452.jpg,http://127.0.0.1:4000/images/details/IMG_20200512_183458.jpg,http://127.0.0.1:4000/images/details/IMG_20200512_183506.jpg,http://127.0.0.1:4000/images/details/IMG_20200512_183534.jpg,http://127.0.0.1:4000/images/details/IMG_20200512_183526.jpg,http://127.0.0.1:4000/images/details/IMG_20200512_183543.jpg,http://127.0.0.1:4000/images/details/IMG_20200512_133402.jpg','small');
INSERT INTO `picture_books` VALUES (58,'23.99','http://127.0.0.1:4000/images/front_cover/IMG_20200512_183202.jpg','http://127.0.0.1:4000/images/front_cover/IMG_20200512_183239.jpg,http://127.0.0.1:4000/images/front_cover/IMG_20200512_183202.jpg,http://127.0.0.1:4000/images/front_cover/IMG_20200512_183212.jpg,http://127.0.0.1:4000/images/front_cover/IMG_20200512_183230.jpg,http://127.0.0.1:4000/images/front_cover/IMG_20200512_183220.jpg','东方娃娃-《獾的美餐》软精装（南京3号仓）','收货后结算·快递发货','http://127.0.0.1:4000/images/details/IMG_20200512_183444.jpg,http://127.0.0.1:4000/images/details/IMG_20200512_183452.jpg,http://127.0.0.1:4000/images/details/IMG_20200512_183458.jpg,http://127.0.0.1:4000/images/details/IMG_20200512_183506.jpg,http://127.0.0.1:4000/images/details/IMG_20200512_183534.jpg,http://127.0.0.1:4000/images/details/IMG_20200512_183526.jpg,http://127.0.0.1:4000/images/details/IMG_20200512_183543.jpg,http://127.0.0.1:4000/images/details/IMG_20200512_133402.jpg','small');
INSERT INTO `picture_books` VALUES (59,'23.99','http://127.0.0.1:4000/images/front_cover/IMG_20200512_183202.jpg','http://127.0.0.1:4000/images/front_cover/IMG_20200512_183239.jpg,http://127.0.0.1:4000/images/front_cover/IMG_20200512_183202.jpg,http://127.0.0.1:4000/images/front_cover/IMG_20200512_183212.jpg,http://127.0.0.1:4000/images/front_cover/IMG_20200512_183230.jpg,http://127.0.0.1:4000/images/front_cover/IMG_20200512_183220.jpg','东方娃娃-《獾的美餐》软精装（南京3号仓）','收货后结算·快递发货','http://127.0.0.1:4000/images/details/IMG_20200512_183444.jpg,http://127.0.0.1:4000/images/details/IMG_20200512_183452.jpg,http://127.0.0.1:4000/images/details/IMG_20200512_183458.jpg,http://127.0.0.1:4000/images/details/IMG_20200512_183506.jpg,http://127.0.0.1:4000/images/details/IMG_20200512_183534.jpg,http://127.0.0.1:4000/images/details/IMG_20200512_183526.jpg,http://127.0.0.1:4000/images/details/IMG_20200512_183543.jpg,http://127.0.0.1:4000/images/details/IMG_20200512_133402.jpg','small');
INSERT INTO `picture_books` VALUES (60,'23.99','http://127.0.0.1:4000/images/front_cover/IMG_20200512_183202.jpg','http://127.0.0.1:4000/images/front_cover/IMG_20200512_183239.jpg,http://127.0.0.1:4000/images/front_cover/IMG_20200512_183202.jpg,http://127.0.0.1:4000/images/front_cover/IMG_20200512_183212.jpg,http://127.0.0.1:4000/images/front_cover/IMG_20200512_183230.jpg,http://127.0.0.1:4000/images/front_cover/IMG_20200512_183220.jpg','东方娃娃-《獾的美餐》软精装（南京3号仓）','收货后结算·快递发货','http://127.0.0.1:4000/images/details/IMG_20200512_183444.jpg,http://127.0.0.1:4000/images/details/IMG_20200512_183452.jpg,http://127.0.0.1:4000/images/details/IMG_20200512_183458.jpg,http://127.0.0.1:4000/images/details/IMG_20200512_183506.jpg,http://127.0.0.1:4000/images/details/IMG_20200512_183534.jpg,http://127.0.0.1:4000/images/details/IMG_20200512_183526.jpg,http://127.0.0.1:4000/images/details/IMG_20200512_183543.jpg,http://127.0.0.1:4000/images/details/IMG_20200512_133402.jpg','small');

-- 3.大家都在看
CREATE TABLE `everyone_watching` (
  `wid` int(10) unsigned NOT NULL AUTO_INCREMENT,  /*书编号*/
  `front_cover` varchar(120) NOT NULL, /*封面图片*/
  `book_title` varchar(120) NOT NULL, /*图书标题*/
  `serve` varchar(50) NULL, /*服务*/
  `book_name` varchar(50) NOT NULL,  /*图书名称*/
  `book_price`  double(5,2) NOT NULL,  /*定价*/
  `book_author` varchar(50) NOT NULL, /*图书作者*/
  `publication_time` varchar(50) DEFAULT NULL, /* 出版时间*/
  `press` varchar(50) DEFAULT NULL, /* 出版社*/
  `author_introduction` varchar(1020) DEFAULT NULL,/*作者简介*/
  `catalogue` varchar(1020) DEFAULT NULL, /*目录*/
  `some_pictures` varchar(1020) DEFAULT NULL, /* 图书部分图片*/
  PRIMARY KEY (`wid`)
) ENGINE=InnoDB;

-- 插入数据
INSERT INTO `everyone_watching` VALUES (1,'http://127.0.0.1:4000/images/front_cover/IMG_20200512_225001.jpg','[全网最低] 发现儿童 旨在儿童观重塑的区域研修新样态 傅容萍 沈颖洁等著 (机构自营)',NULL,'发现儿童 旨在儿童观重塑的区域研修新样态','40.00','傅容萍 沈颖洁等','2018年08月01日','浙江教育出版社','傅容萍<br><br>现任杭州西湖区学前教育指导中心主任，中学高级教师。中国学前教育研究会会员，浙江省学前教育研究会教师发展专委会理事，杭州市优秀教师，杭州市兼职督学，西湖区第一层次学科带头人<br><br>沈颖洁<br><br>现任杭州市西湖区学前教育指导中心教研员，中学高级教师，浙江省特级教师，浙江省教科研先进个人，杭州市131中青年人才，杭州师范大学讲席教授，杭州市优秀教师、教坛新秀、简直督学。浙江省学前教育课改项目组成员。浙江省沈颖洁名师网络工作室领衔人','http://127.0.0.1:4000/images/details/IMG_20200512_185946.jpg,http://127.0.0.1:4000/images/details/IMG_20200512_185952.jpg,http://127.0.0.1:4000/images/details/IMG_20200512_185958.jpg,http://127.0.0.1:4000/images/details/IMG_20200512_190010.jpg','http://127.0.0.1:4000/images/details/IMG_20200512_190144.jpg,images/details/IMG_20200512_190150.jpg,http://127.0.0.1:4000/images/details/IMG_20200512_190156.jpg,http://127.0.0.1:4000/images/details/IMG_20200512_190205.jpg,http://127.0.0.1:4000/images/details/IMG_20200512_190211.jpg,http://127.0.0.1:4000/images/details/IMG_20200512_133402.jpg');
INSERT INTO `everyone_watching` VALUES (2,'http://127.0.0.1:4000/images/front_cover/IMG_20200512_225001.jpg','[全网最低] 发现儿童 旨在儿童观重塑的区域研修新样态 傅容萍 沈颖洁等著 (机构自营)',NULL,'发现儿童 旨在儿童观重塑的区域研修新样态','40.00','傅容萍 沈颖洁等','2018年08月01日','浙江教育出版社','傅容萍<br><br>现任杭州西湖区学前教育指导中心主任，中学高级教师。中国学前教育研究会会员，浙江省学前教育研究会教师发展专委会理事，杭州市优秀教师，杭州市兼职督学，西湖区第一层次学科带头人<br><br>沈颖洁<br><br>现任杭州市西湖区学前教育指导中心教研员，中学高级教师，浙江省特级教师，浙江省教科研先进个人，杭州市131中青年人才，杭州师范大学讲席教授，杭州市优秀教师、教坛新秀、简直督学。浙江省学前教育课改项目组成员。浙江省沈颖洁名师网络工作室领衔人','http://127.0.0.1:4000/images/details/IMG_20200512_185946.jpg,http://127.0.0.1:4000/images/details/IMG_20200512_185952.jpg,http://127.0.0.1:4000/images/details/IMG_20200512_185958.jpg,http://127.0.0.1:4000/images/details/IMG_20200512_190010.jpg','http://127.0.0.1:4000/images/details/IMG_20200512_190144.jpg,images/details/IMG_20200512_190150.jpg,http://127.0.0.1:4000/images/details/IMG_20200512_190156.jpg,http://127.0.0.1:4000/images/details/IMG_20200512_190205.jpg,http://127.0.0.1:4000/images/details/IMG_20200512_190211.jpg,http://127.0.0.1:4000/images/details/IMG_20200512_133402.jpg');
INSERT INTO `everyone_watching` VALUES (3,'http://127.0.0.1:4000/images/front_cover/IMG_20200512_225001.jpg','[全网最低] 发现儿童 旨在儿童观重塑的区域研修新样态 傅容萍 沈颖洁等著 (机构自营)',NULL,'发现儿童 旨在儿童观重塑的区域研修新样态','40.00','傅容萍 沈颖洁等','2018年08月01日','浙江教育出版社','傅容萍<br><br>现任杭州西湖区学前教育指导中心主任，中学高级教师。中国学前教育研究会会员，浙江省学前教育研究会教师发展专委会理事，杭州市优秀教师，杭州市兼职督学，西湖区第一层次学科带头人<br><br>沈颖洁<br><br>现任杭州市西湖区学前教育指导中心教研员，中学高级教师，浙江省特级教师，浙江省教科研先进个人，杭州市131中青年人才，杭州师范大学讲席教授，杭州市优秀教师、教坛新秀、简直督学。浙江省学前教育课改项目组成员。浙江省沈颖洁名师网络工作室领衔人','http://127.0.0.1:4000/images/details/IMG_20200512_185946.jpg,http://127.0.0.1:4000/images/details/IMG_20200512_185952.jpg,http://127.0.0.1:4000/images/details/IMG_20200512_185958.jpg,http://127.0.0.1:4000/images/details/IMG_20200512_190010.jpg','http://127.0.0.1:4000/images/details/IMG_20200512_190144.jpg,images/details/IMG_20200512_190150.jpg,http://127.0.0.1:4000/images/details/IMG_20200512_190156.jpg,http://127.0.0.1:4000/images/details/IMG_20200512_190205.jpg,http://127.0.0.1:4000/images/details/IMG_20200512_190211.jpg,http://127.0.0.1:4000/images/details/IMG_20200512_133402.jpg');
INSERT INTO `everyone_watching` VALUES (4,'http://127.0.0.1:4000/images/front_cover/IMG_20200512_225001.jpg','[全网最低] 发现儿童 旨在儿童观重塑的区域研修新样态 傅容萍 沈颖洁等著 (机构自营)',NULL,'发现儿童 旨在儿童观重塑的区域研修新样态','40.00','傅容萍 沈颖洁等','2018年08月01日','浙江教育出版社','傅容萍<br><br>现任杭州西湖区学前教育指导中心主任，中学高级教师。中国学前教育研究会会员，浙江省学前教育研究会教师发展专委会理事，杭州市优秀教师，杭州市兼职督学，西湖区第一层次学科带头人<br><br>沈颖洁<br><br>现任杭州市西湖区学前教育指导中心教研员，中学高级教师，浙江省特级教师，浙江省教科研先进个人，杭州市131中青年人才，杭州师范大学讲席教授，杭州市优秀教师、教坛新秀、简直督学。浙江省学前教育课改项目组成员。浙江省沈颖洁名师网络工作室领衔人','http://127.0.0.1:4000/images/details/IMG_20200512_185946.jpg,http://127.0.0.1:4000/images/details/IMG_20200512_185952.jpg,http://127.0.0.1:4000/images/details/IMG_20200512_185958.jpg,http://127.0.0.1:4000/images/details/IMG_20200512_190010.jpg','http://127.0.0.1:4000/images/details/IMG_20200512_190144.jpg,images/details/IMG_20200512_190150.jpg,http://127.0.0.1:4000/images/details/IMG_20200512_190156.jpg,http://127.0.0.1:4000/images/details/IMG_20200512_190205.jpg,http://127.0.0.1:4000/images/details/IMG_20200512_190211.jpg,http://127.0.0.1:4000/images/details/IMG_20200512_133402.jpg');

-- 4.家长用书
CREATE TABLE `patriarch_books` (
  `pid` int(10) unsigned NOT NULL AUTO_INCREMENT,  /*编号*/
  `picture` varchar(120) NOT NULL, /*界面图片*/
  `book_price`  double(5,2) NOT NULL,  /*定价*/
  `front_cover` varchar(1020) NOT NULL, /*封面轮播图片*/
  `book_title` varchar(120) NOT NULL, /*图书标题*/
  `serve` varchar(50) NOT NULL, /*服务*/
  `some_pictures` varchar(520) DEFAULT NULL, /*图书部分图片*/
  PRIMARY KEY (`pid`)
) ENGINE=InnoDB;

-- 插入数据
INSERT INTO `patriarch_books` VALUES (1,'http://127.0.0.1:4000/images/front_cover/IMG_20200512_190520.jpg','29.99','http://127.0.0.1:4000/images/front_cover/IMG_20200512_190520.jpg,http://127.0.0.1:4000/images/front_cover/IMG_20200512_190529.jpg,http://127.0.0.1:4000/images/front_cover/IMG_20200512_190536.jpg,http://127.0.0.1:4000/images/front_cover/IMG_20200512_190542.jpg,http://127.0.0.1:4000/images/front_cover/IMG_20200512_190551.jpg','不敢教的勇气：跟阿德勒学育儿 WX','收货后结算·快递发货','http://127.0.0.1:4000/images/details/IMG_20200512_190844.jpg,http://127.0.0.1:4000/images/details/IMG_20200512_133402.jpg');
INSERT INTO `patriarch_books` VALUES (2,'http://127.0.0.1:4000/images/front_cover/IMG_20200512_190520.jpg','29.99','http://127.0.0.1:4000/images/front_cover/IMG_20200512_190520.jpg,http://127.0.0.1:4000/images/front_cover/IMG_20200512_190529.jpg,http://127.0.0.1:4000/images/front_cover/IMG_20200512_190536.jpg,http://127.0.0.1:4000/images/front_cover/IMG_20200512_190542.jpg,http://127.0.0.1:4000/images/front_cover/IMG_20200512_190551.jpg','不敢教的勇气：跟阿德勒学育儿 WX','收货后结算·快递发货','http://127.0.0.1:4000/images/details/IMG_20200512_190844.jpg,http://127.0.0.1:4000/images/details/IMG_20200512_133402.jpg');
INSERT INTO `patriarch_books` VALUES (3,'http://127.0.0.1:4000/images/front_cover/IMG_20200512_190520.jpg','29.99','http://127.0.0.1:4000/images/front_cover/IMG_20200512_190520.jpg,http://127.0.0.1:4000/images/front_cover/IMG_20200512_190529.jpg,http://127.0.0.1:4000/images/front_cover/IMG_20200512_190536.jpg,http://127.0.0.1:4000/images/front_cover/IMG_20200512_190542.jpg,http://127.0.0.1:4000/images/front_cover/IMG_20200512_190551.jpg','不敢教的勇气：跟阿德勒学育儿 WX','收货后结算·快递发货','http://127.0.0.1:4000/images/details/IMG_20200512_190844.jpg,http://127.0.0.1:4000/images/details/IMG_20200512_133402.jpg');
INSERT INTO `patriarch_books` VALUES (4,'http://127.0.0.1:4000/images/front_cover/IMG_20200512_190520.jpg','29.99','http://127.0.0.1:4000/images/front_cover/IMG_20200512_190520.jpg,http://127.0.0.1:4000/images/front_cover/IMG_20200512_190529.jpg,http://127.0.0.1:4000/images/front_cover/IMG_20200512_190536.jpg,http://127.0.0.1:4000/images/front_cover/IMG_20200512_190542.jpg,http://127.0.0.1:4000/images/front_cover/IMG_20200512_190551.jpg','不敢教的勇气：跟阿德勒学育儿 WX','收货后结算·快递发货','http://127.0.0.1:4000/images/details/IMG_20200512_190844.jpg,http://127.0.0.1:4000/images/details/IMG_20200512_133402.jpg');
INSERT INTO `patriarch_books` VALUES (5,'http://127.0.0.1:4000/images/front_cover/IMG_20200512_190520.jpg','29.99','http://127.0.0.1:4000/images/front_cover/IMG_20200512_190520.jpg,http://127.0.0.1:4000/images/front_cover/IMG_20200512_190529.jpg,http://127.0.0.1:4000/images/front_cover/IMG_20200512_190536.jpg,http://127.0.0.1:4000/images/front_cover/IMG_20200512_190542.jpg,http://127.0.0.1:4000/images/front_cover/IMG_20200512_190551.jpg','不敢教的勇气：跟阿德勒学育儿 WX','收货后结算·快递发货','http://127.0.0.1:4000/images/details/IMG_20200512_190844.jpg,http://127.0.0.1:4000/images/details/IMG_20200512_133402.jpg');
INSERT INTO `patriarch_books` VALUES (6,'http://127.0.0.1:4000/images/front_cover/IMG_20200512_190520.jpg','29.99','http://127.0.0.1:4000/images/front_cover/IMG_20200512_190520.jpg,http://127.0.0.1:4000/images/front_cover/IMG_20200512_190529.jpg,http://127.0.0.1:4000/images/front_cover/IMG_20200512_190536.jpg,http://127.0.0.1:4000/images/front_cover/IMG_20200512_190542.jpg,http://127.0.0.1:4000/images/front_cover/IMG_20200512_190551.jpg','不敢教的勇气：跟阿德勒学育儿 WX','收货后结算·快递发货','http://127.0.0.1:4000/images/details/IMG_20200512_190844.jpg,http://127.0.0.1:4000/images/details/IMG_20200512_133402.jpg');

-- 用户表
CREATE TABLE `user`(
    `uid` INT PRIMARY KEY AUTO_INCREMENT, /*用户编号*/    
    `uname` VARCHAR(32),                  /*用户名-邮箱格式*/
    `phone` VARCHAR(11),                 	/*电话*/
    `upwd` VARCHAR(32),	               	/*密码*/
    `nickname` VARCHAR(32) NOT NULL,	  /*幼儿姓名*/
    `sex`	VARCHAR(1) NOT NULL,		  /*幼儿性别，M-男，F-女, DEFAULT 'M'*/
    `age`	VARCHAR(3) NOT NULL,		  /*幼儿年龄*/
    `class`	VARCHAR(16) NOT NULL	      /*所在班级*/
);
INSERT INTO `user` (`uid`, `uname`, `phone`, `upwd`, `nickname`, `sex`, `age`, `class`) VALUES
(1, 'liangliang@tedu.cn', '13501234567', '123456', '亮亮', '男', '3', '企鹅班'),
(2, 'ranran@tedu.cn', '13501234568', '123456', '然然', '女', '4', '小熊班'),
(9, 'dangdang@tedu.cn', '15510314422', '111111', '吉祥', '男', '3', '小熊班'),
(10, 'dingding@tedu.cn', '13552222222', '222222', '楠楠', '女', '4', '鸭鸭班');

-- 收藏夹
CREATE TABLE `favorite`(
    `fid` INT PRIMARY KEY AUTO_INCREMENT,/*收藏记录id*/
    `userId` INT,         /*用户id*/
    `courseId` INT,       /*首页内容id*/
    `fTime` VARCHAR(16)   /*收藏时间*/
);

-- 购物车表
CREATE TABLE `cart`(
    `ctid` INT PRIMARY KEY AUTO_INCREMENT,/*购物车编号*/
    `userId` INT,         /*用户编号*/
    `courseId` INT,       /*图书编号*/
    `count` INT     /*数量*/
);
INSERT INTO `cart` (`ctid`, `userId`, `courseId`, `count`) VALUES
(1, 2, 10, 3),
(2, 2, 7, 1),
(3, 2, 5, 4);

-- 订单表
CREATE TABLE `orders`(
    `oid` INT PRIMARY KEY AUTO_INCREMENT,/*订单id*/
    `userId` INT/*用户id*/
);
INSERT INTO `orders` (`oid`, `userId`) VALUES
(1, 2),
(2, 2),
(3, 1);

-- 订单详情表
CREATE TABLE `orders_detail`(
   `odid` INT PRIMARY KEY AUTO_INCREMENT,
   `orderId` INT,                          /*订单编号*/
   `courseId` INT,                       /*图书编号*/
   `count` INT                            /*购买数量*/
);
INSERT INTO `orders_detail` (`odid`, `orderId`, `courseId`, `count`) VALUES
(1, 1, 8, 2),
(2, 1, 10, 1),
(3, 2, 3, 1),
(4, 3, 4, 5),
(5, 3, 9, 1),
(6, 3, 11, 3);